ID Oficina;Ciudad;País;Tamaño Oficina;VLAN;Nombre VLAN;Red CIDR;Gateway
1;Madrid;España;Grande;10;Usuarios / Empleados;10.1.0.0/22;10.1.0.1
1;Madrid;España;Grande;20;Impresoras y dispositivos periféricos;10.1.4.0/24;10.1.4.1
1;Madrid;España;Grande;30;VoIP / Telefonía IP;10.1.5.0/24;10.1.5.1
1;Madrid;España;Grande;40;Wi-Fi invitados aislada;10.1.6.0/23;10.1.6.1
1;Madrid;España;Grande;50;Wi-Fi corporativa;10.1.8.0/23;10.1.8.1
1;Madrid;España;Grande;99;Administración de dispositivos;10.1.10.0/26;10.1.10.1
1;Madrid;España;Grande;100;Servidores;172.16.1.0/24;172.16.1.1
2;Madrid;España;Grande;10;Usuarios / Empleados;10.2.0.0/22;10.2.0.1
2;Madrid;España;Grande;20;Impresoras y dispositivos periféricos;10.2.4.0/24;10.2.4.1
2;Madrid;España;Grande;30;VoIP / Telefonía IP;10.2.5.0/24;10.2.5.1
2;Madrid;España;Grande;40;Wi-Fi invitados aislada;10.2.6.0/23;10.2.6.1
2;Madrid;España;Grande;50;Wi-Fi corporativa;10.2.8.0/23;10.2.8.1
2;Madrid;España;Grande;99;Administración de dispositivos;10.2.10.0/26;10.2.10.1
2;Madrid;España;Grande;100;Servidores;172.16.2.0/24;172.16.2.1
3;Madrid;España;Grande;10;Usuarios / Empleados;10.3.0.0/22;10.3.0.1
3;Madrid;España;Grande;20;Impresoras y dispositivos periféricos;10.3.4.0/24;10.3.4.1
3;Madrid;España;Grande;30;VoIP / Telefonía IP;10.3.5.0/24;10.3.5.1
3;Madrid;España;Grande;40;Wi-Fi invitados aislada;10.3.6.0/23;10.3.6.1
3;Madrid;España;Grande;50;Wi-Fi corporativa;10.3.8.0/23;10.3.8.1
3;Madrid;España;Grande;99;Administración de dispositivos;10.3.10.0/26;10.3.10.1
3;Madrid;España;Grande;100;Servidores;172.16.3.0/24;172.16.3.1
4;Madrid;España;Grande;10;Usuarios / Empleados;10.4.0.0/22;10.4.0.1
4;Madrid;España;Grande;20;Impresoras y dispositivos periféricos;10.4.4.0/24;10.4.4.1
4;Madrid;España;Grande;30;VoIP / Telefonía IP;10.4.5.0/24;10.4.5.1
4;Madrid;España;Grande;40;Wi-Fi invitados aislada;10.4.6.0/23;10.4.6.1
4;Madrid;España;Grande;50;Wi-Fi corporativa;10.4.8.0/23;10.4.8.1
4;Madrid;España;Grande;99;Administración de dispositivos;10.4.10.0/26;10.4.10.1
4;Madrid;España;Grande;100;Servidores;172.16.4.0/24;172.16.4.1
5;Madrid;España;Grande;10;Usuarios / Empleados;10.5.0.0/22;10.5.0.1
5;Madrid;España;Grande;20;Impresoras y dispositivos periféricos;10.5.4.0/24;10.5.4.1
5;Madrid;España;Grande;30;VoIP / Telefonía IP;10.5.5.0/24;10.5.5.1
5;Madrid;España;Grande;40;Wi-Fi invitados aislada;10.5.6.0/23;10.5.6.1
5;Madrid;España;Grande;50;Wi-Fi corporativa;10.5.8.0/23;10.5.8.1
5;Madrid;España;Grande;99;Administración de dispositivos;10.5.10.0/26;10.5.10.1
5;Madrid;España;Grande;100;Servidores;172.16.5.0/24;172.16.5.1
6;Madrid;España;Grande;10;Usuarios / Empleados;10.6.0.0/22;10.6.0.1
6;Madrid;España;Grande;20;Impresoras y dispositivos periféricos;10.6.4.0/24;10.6.4.1
6;Madrid;España;Grande;30;VoIP / Telefonía IP;10.6.5.0/24;10.6.5.1
6;Madrid;España;Grande;40;Wi-Fi invitados aislada;10.6.6.0/23;10.6.6.1
6;Madrid;España;Grande;50;Wi-Fi corporativa;10.6.8.0/23;10.6.8.1
6;Madrid;España;Grande;99;Administración de dispositivos;10.6.10.0/26;10.6.10.1
6;Madrid;España;Grande;100;Servidores;172.16.6.0/24;172.16.6.1
7;Madrid;España;Grande;10;Usuarios / Empleados;10.7.0.0/22;10.7.0.1
7;Madrid;España;Grande;20;Impresoras y dispositivos periféricos;10.7.4.0/24;10.7.4.1
7;Madrid;España;Grande;30;VoIP / Telefonía IP;10.7.5.0/24;10.7.5.1
7;Madrid;España;Grande;40;Wi-Fi invitados aislada;10.7.6.0/23;10.7.6.1
7;Madrid;España;Grande;50;Wi-Fi corporativa;10.7.8.0/23;10.7.8.1
7;Madrid;España;Grande;99;Administración de dispositivos;10.7.10.0/26;10.7.10.1
7;Madrid;España;Grande;100;Servidores;172.16.7.0/24;172.16.7.1
8;Madrid;España;Grande;10;Usuarios / Empleados;10.8.0.0/22;10.8.0.1
8;Madrid;España;Grande;20;Impresoras y dispositivos periféricos;10.8.4.0/24;10.8.4.1
8;Madrid;España;Grande;30;VoIP / Telefonía IP;10.8.5.0/24;10.8.5.1
8;Madrid;España;Grande;40;Wi-Fi invitados aislada;10.8.6.0/23;10.8.6.1
8;Madrid;España;Grande;50;Wi-Fi corporativa;10.8.8.0/23;10.8.8.1
8;Madrid;España;Grande;99;Administración de dispositivos;10.8.10.0/26;10.8.10.1
8;Madrid;España;Grande;100;Servidores;172.16.8.0/24;172.16.8.1
9;Madrid;España;Grande;10;Usuarios / Empleados;10.9.0.0/22;10.9.0.1
9;Madrid;España;Grande;20;Impresoras y dispositivos periféricos;10.9.4.0/24;10.9.4.1
9;Madrid;España;Grande;30;VoIP / Telefonía IP;10.9.5.0/24;10.9.5.1
9;Madrid;España;Grande;40;Wi-Fi invitados aislada;10.9.6.0/23;10.9.6.1
9;Madrid;España;Grande;50;Wi-Fi corporativa;10.9.8.0/23;10.9.8.1
9;Madrid;España;Grande;99;Administración de dispositivos;10.9.10.0/26;10.9.10.1
9;Madrid;España;Grande;100;Servidores;172.16.9.0/24;172.16.9.1
10;Madrid;España;Grande;10;Usuarios / Empleados;10.10.0.0/22;10.10.0.1
10;Madrid;España;Grande;20;Impresoras y dispositivos periféricos;10.10.4.0/24;10.10.4.1
10;Madrid;España;Grande;30;VoIP / Telefonía IP;10.10.5.0/24;10.10.5.1
10;Madrid;España;Grande;40;Wi-Fi invitados aislada;10.10.6.0/23;10.10.6.1
10;Madrid;España;Grande;50;Wi-Fi corporativa;10.10.8.0/23;10.10.8.1
10;Madrid;España;Grande;99;Administración de dispositivos;10.10.10.0/26;10.10.10.1
10;Madrid;España;Grande;100;Servidores;172.16.10.0/24;172.16.10.1
11;Madrid;España;Grande;10;Usuarios / Empleados;10.11.0.0/22;10.11.0.1
11;Madrid;España;Grande;20;Impresoras y dispositivos periféricos;10.11.4.0/24;10.11.4.1
11;Madrid;España;Grande;30;VoIP / Telefonía IP;10.11.5.0/24;10.11.5.1
11;Madrid;España;Grande;40;Wi-Fi invitados aislada;10.11.6.0/23;10.11.6.1
11;Madrid;España;Grande;50;Wi-Fi corporativa;10.11.8.0/23;10.11.8.1
11;Madrid;España;Grande;99;Administración de dispositivos;10.11.10.0/26;10.11.10.1
11;Madrid;España;Grande;100;Servidores;172.16.11.0/24;172.16.11.1
12;Madrid;España;Grande;10;Usuarios / Empleados;10.12.0.0/22;10.12.0.1
12;Madrid;España;Grande;20;Impresoras y dispositivos periféricos;10.12.4.0/24;10.12.4.1
12;Madrid;España;Grande;30;VoIP / Telefonía IP;10.12.5.0/24;10.12.5.1
12;Madrid;España;Grande;40;Wi-Fi invitados aislada;10.12.6.0/23;10.12.6.1
12;Madrid;España;Grande;50;Wi-Fi corporativa;10.12.8.0/23;10.12.8.1
12;Madrid;España;Grande;99;Administración de dispositivos;10.12.10.0/26;10.12.10.1
12;Madrid;España;Grande;100;Servidores;172.16.12.0/24;172.16.12.1
13;Madrid;España;Grande;10;Usuarios / Empleados;10.13.0.0/22;10.13.0.1
13;Madrid;España;Grande;20;Impresoras y dispositivos periféricos;10.13.4.0/24;10.13.4.1
13;Madrid;España;Grande;30;VoIP / Telefonía IP;10.13.5.0/24;10.13.5.1
13;Madrid;España;Grande;40;Wi-Fi invitados aislada;10.13.6.0/23;10.13.6.1
13;Madrid;España;Grande;50;Wi-Fi corporativa;10.13.8.0/23;10.13.8.1
13;Madrid;España;Grande;99;Administración de dispositivos;10.13.10.0/26;10.13.10.1
13;Madrid;España;Grande;100;Servidores;172.16.13.0/24;172.16.13.1
14;Madrid;España;Grande;10;Usuarios / Empleados;10.14.0.0/22;10.14.0.1
14;Madrid;España;Grande;20;Impresoras y dispositivos periféricos;10.14.4.0/24;10.14.4.1
14;Madrid;España;Grande;30;VoIP / Telefonía IP;10.14.5.0/24;10.14.5.1
14;Madrid;España;Grande;40;Wi-Fi invitados aislada;10.14.6.0/23;10.14.6.1
14;Madrid;España;Grande;50;Wi-Fi corporativa;10.14.8.0/23;10.14.8.1
14;Madrid;España;Grande;99;Administración de dispositivos;10.14.10.0/26;10.14.10.1
14;Madrid;España;Grande;100;Servidores;172.16.14.0/24;172.16.14.1
15;Madrid;España;Grande;10;Usuarios / Empleados;10.15.0.0/22;10.15.0.1
15;Madrid;España;Grande;20;Impresoras y dispositivos periféricos;10.15.4.0/24;10.15.4.1
15;Madrid;España;Grande;30;VoIP / Telefonía IP;10.15.5.0/24;10.15.5.1
15;Madrid;España;Grande;40;Wi-Fi invitados aislada;10.15.6.0/23;10.15.6.1
15;Madrid;España;Grande;50;Wi-Fi corporativa;10.15.8.0/23;10.15.8.1
15;Madrid;España;Grande;99;Administración de dispositivos;10.15.10.0/26;10.15.10.1
15;Madrid;España;Grande;100;Servidores;172.16.15.0/24;172.16.15.1
16;Madrid;España;Grande;10;Usuarios / Empleados;10.16.0.0/22;10.16.0.1
16;Madrid;España;Grande;20;Impresoras y dispositivos periféricos;10.16.4.0/24;10.16.4.1
16;Madrid;España;Grande;30;VoIP / Telefonía IP;10.16.5.0/24;10.16.5.1
16;Madrid;España;Grande;40;Wi-Fi invitados aislada;10.16.6.0/23;10.16.6.1
16;Madrid;España;Grande;50;Wi-Fi corporativa;10.16.8.0/23;10.16.8.1
16;Madrid;España;Grande;99;Administración de dispositivos;10.16.10.0/26;10.16.10.1
16;Madrid;España;Grande;100;Servidores;172.16.16.0/24;172.16.16.1
17;Madrid;España;Grande;10;Usuarios / Empleados;10.17.0.0/22;10.17.0.1
17;Madrid;España;Grande;20;Impresoras y dispositivos periféricos;10.17.4.0/24;10.17.4.1
17;Madrid;España;Grande;30;VoIP / Telefonía IP;10.17.5.0/24;10.17.5.1
17;Madrid;España;Grande;40;Wi-Fi invitados aislada;10.17.6.0/23;10.17.6.1
17;Madrid;España;Grande;50;Wi-Fi corporativa;10.17.8.0/23;10.17.8.1
17;Madrid;España;Grande;99;Administración de dispositivos;10.17.10.0/26;10.17.10.1
17;Madrid;España;Grande;100;Servidores;172.16.17.0/24;172.16.17.1
18;Madrid;España;Grande;10;Usuarios / Empleados;10.18.0.0/22;10.18.0.1
18;Madrid;España;Grande;20;Impresoras y dispositivos periféricos;10.18.4.0/24;10.18.4.1
18;Madrid;España;Grande;30;VoIP / Telefonía IP;10.18.5.0/24;10.18.5.1
18;Madrid;España;Grande;40;Wi-Fi invitados aislada;10.18.6.0/23;10.18.6.1
18;Madrid;España;Grande;50;Wi-Fi corporativa;10.18.8.0/23;10.18.8.1
18;Madrid;España;Grande;99;Administración de dispositivos;10.18.10.0/26;10.18.10.1
18;Madrid;España;Grande;100;Servidores;172.16.18.0/24;172.16.18.1
19;Madrid;España;Grande;10;Usuarios / Empleados;10.19.0.0/22;10.19.0.1
19;Madrid;España;Grande;20;Impresoras y dispositivos periféricos;10.19.4.0/24;10.19.4.1
19;Madrid;España;Grande;30;VoIP / Telefonía IP;10.19.5.0/24;10.19.5.1
19;Madrid;España;Grande;40;Wi-Fi invitados aislada;10.19.6.0/23;10.19.6.1
19;Madrid;España;Grande;50;Wi-Fi corporativa;10.19.8.0/23;10.19.8.1
19;Madrid;España;Grande;99;Administración de dispositivos;10.19.10.0/26;10.19.10.1
19;Madrid;España;Grande;100;Servidores;172.16.19.0/24;172.16.19.1
20;Madrid;España;Grande;10;Usuarios / Empleados;10.20.0.0/22;10.20.0.1
20;Madrid;España;Grande;20;Impresoras y dispositivos periféricos;10.20.4.0/24;10.20.4.1
20;Madrid;España;Grande;30;VoIP / Telefonía IP;10.20.5.0/24;10.20.5.1
20;Madrid;España;Grande;40;Wi-Fi invitados aislada;10.20.6.0/23;10.20.6.1
20;Madrid;España;Grande;50;Wi-Fi corporativa;10.20.8.0/23;10.20.8.1
20;Madrid;España;Grande;99;Administración de dispositivos;10.20.10.0/26;10.20.10.1
20;Madrid;España;Grande;100;Servidores;172.16.20.0/24;172.16.20.1
21;Madrid;España;Grande;10;Usuarios / Empleados;10.21.0.0/22;10.21.0.1
21;Madrid;España;Grande;20;Impresoras y dispositivos periféricos;10.21.4.0/24;10.21.4.1
21;Madrid;España;Grande;30;VoIP / Telefonía IP;10.21.5.0/24;10.21.5.1
21;Madrid;España;Grande;40;Wi-Fi invitados aislada;10.21.6.0/23;10.21.6.1
21;Madrid;España;Grande;50;Wi-Fi corporativa;10.21.8.0/23;10.21.8.1
21;Madrid;España;Grande;99;Administración de dispositivos;10.21.10.0/26;10.21.10.1
21;Madrid;España;Grande;100;Servidores;172.16.21.0/24;172.16.21.1
22;Madrid;España;Grande;10;Usuarios / Empleados;10.22.0.0/22;10.22.0.1
22;Madrid;España;Grande;20;Impresoras y dispositivos periféricos;10.22.4.0/24;10.22.4.1
22;Madrid;España;Grande;30;VoIP / Telefonía IP;10.22.5.0/24;10.22.5.1
22;Madrid;España;Grande;40;Wi-Fi invitados aislada;10.22.6.0/23;10.22.6.1
22;Madrid;España;Grande;50;Wi-Fi corporativa;10.22.8.0/23;10.22.8.1
22;Madrid;España;Grande;99;Administración de dispositivos;10.22.10.0/26;10.22.10.1
22;Madrid;España;Grande;100;Servidores;172.16.22.0/24;172.16.22.1
23;Madrid;España;Grande;10;Usuarios / Empleados;10.23.0.0/22;10.23.0.1
23;Madrid;España;Grande;20;Impresoras y dispositivos periféricos;10.23.4.0/24;10.23.4.1
23;Madrid;España;Grande;30;VoIP / Telefonía IP;10.23.5.0/24;10.23.5.1
23;Madrid;España;Grande;40;Wi-Fi invitados aislada;10.23.6.0/23;10.23.6.1
23;Madrid;España;Grande;50;Wi-Fi corporativa;10.23.8.0/23;10.23.8.1
23;Madrid;España;Grande;99;Administración de dispositivos;10.23.10.0/26;10.23.10.1
23;Madrid;España;Grande;100;Servidores;172.16.23.0/24;172.16.23.1
24;Madrid;España;Grande;10;Usuarios / Empleados;10.24.0.0/22;10.24.0.1
24;Madrid;España;Grande;20;Impresoras y dispositivos periféricos;10.24.4.0/24;10.24.4.1
24;Madrid;España;Grande;30;VoIP / Telefonía IP;10.24.5.0/24;10.24.5.1
24;Madrid;España;Grande;40;Wi-Fi invitados aislada;10.24.6.0/23;10.24.6.1
24;Madrid;España;Grande;50;Wi-Fi corporativa;10.24.8.0/23;10.24.8.1
24;Madrid;España;Grande;99;Administración de dispositivos;10.24.10.0/26;10.24.10.1
24;Madrid;España;Grande;100;Servidores;172.16.24.0/24;172.16.24.1
25;Madrid;España;Grande;10;Usuarios / Empleados;10.25.0.0/22;10.25.0.1
25;Madrid;España;Grande;20;Impresoras y dispositivos periféricos;10.25.4.0/24;10.25.4.1
25;Madrid;España;Grande;30;VoIP / Telefonía IP;10.25.5.0/24;10.25.5.1
25;Madrid;España;Grande;40;Wi-Fi invitados aislada;10.25.6.0/23;10.25.6.1
25;Madrid;España;Grande;50;Wi-Fi corporativa;10.25.8.0/23;10.25.8.1
25;Madrid;España;Grande;99;Administración de dispositivos;10.25.10.0/26;10.25.10.1
25;Madrid;España;Grande;100;Servidores;172.16.25.0/24;172.16.25.1
26;Madrid;España;Grande;10;Usuarios / Empleados;10.26.0.0/22;10.26.0.1
26;Madrid;España;Grande;20;Impresoras y dispositivos periféricos;10.26.4.0/24;10.26.4.1
26;Madrid;España;Grande;30;VoIP / Telefonía IP;10.26.5.0/24;10.26.5.1
26;Madrid;España;Grande;40;Wi-Fi invitados aislada;10.26.6.0/23;10.26.6.1
26;Madrid;España;Grande;50;Wi-Fi corporativa;10.26.8.0/23;10.26.8.1
26;Madrid;España;Grande;99;Administración de dispositivos;10.26.10.0/26;10.26.10.1
26;Madrid;España;Grande;100;Servidores;172.16.26.0/24;172.16.26.1
27;Madrid;España;Grande;10;Usuarios / Empleados;10.27.0.0/22;10.27.0.1
27;Madrid;España;Grande;20;Impresoras y dispositivos periféricos;10.27.4.0/24;10.27.4.1
27;Madrid;España;Grande;30;VoIP / Telefonía IP;10.27.5.0/24;10.27.5.1
27;Madrid;España;Grande;40;Wi-Fi invitados aislada;10.27.6.0/23;10.27.6.1
27;Madrid;España;Grande;50;Wi-Fi corporativa;10.27.8.0/23;10.27.8.1
27;Madrid;España;Grande;99;Administración de dispositivos;10.27.10.0/26;10.27.10.1
27;Madrid;España;Grande;100;Servidores;172.16.27.0/24;172.16.27.1
28;Madrid;España;Grande;10;Usuarios / Empleados;10.28.0.0/22;10.28.0.1
28;Madrid;España;Grande;20;Impresoras y dispositivos periféricos;10.28.4.0/24;10.28.4.1
28;Madrid;España;Grande;30;VoIP / Telefonía IP;10.28.5.0/24;10.28.5.1
28;Madrid;España;Grande;40;Wi-Fi invitados aislada;10.28.6.0/23;10.28.6.1
28;Madrid;España;Grande;50;Wi-Fi corporativa;10.28.8.0/23;10.28.8.1
28;Madrid;España;Grande;99;Administración de dispositivos;10.28.10.0/26;10.28.10.1
28;Madrid;España;Grande;100;Servidores;172.16.28.0/24;172.16.28.1
29;Madrid;España;Grande;10;Usuarios / Empleados;10.29.0.0/22;10.29.0.1
29;Madrid;España;Grande;20;Impresoras y dispositivos periféricos;10.29.4.0/24;10.29.4.1
29;Madrid;España;Grande;30;VoIP / Telefonía IP;10.29.5.0/24;10.29.5.1
29;Madrid;España;Grande;40;Wi-Fi invitados aislada;10.29.6.0/23;10.29.6.1
29;Madrid;España;Grande;50;Wi-Fi corporativa;10.29.8.0/23;10.29.8.1
29;Madrid;España;Grande;99;Administración de dispositivos;10.29.10.0/26;10.29.10.1
29;Madrid;España;Grande;100;Servidores;172.16.29.0/24;172.16.29.1
30;Madrid;España;Grande;10;Usuarios / Empleados;10.30.0.0/22;10.30.0.1
30;Madrid;España;Grande;20;Impresoras y dispositivos periféricos;10.30.4.0/24;10.30.4.1
30;Madrid;España;Grande;30;VoIP / Telefonía IP;10.30.5.0/24;10.30.5.1
30;Madrid;España;Grande;40;Wi-Fi invitados aislada;10.30.6.0/23;10.30.6.1
30;Madrid;España;Grande;50;Wi-Fi corporativa;10.30.8.0/23;10.30.8.1
30;Madrid;España;Grande;99;Administración de dispositivos;10.30.10.0/26;10.30.10.1
30;Madrid;España;Grande;100;Servidores;172.16.30.0/24;172.16.30.1
31;Madrid;España;Grande;10;Usuarios / Empleados;10.31.0.0/22;10.31.0.1
31;Madrid;España;Grande;20;Impresoras y dispositivos periféricos;10.31.4.0/24;10.31.4.1
31;Madrid;España;Grande;30;VoIP / Telefonía IP;10.31.5.0/24;10.31.5.1
31;Madrid;España;Grande;40;Wi-Fi invitados aislada;10.31.6.0/23;10.31.6.1
31;Madrid;España;Grande;50;Wi-Fi corporativa;10.31.8.0/23;10.31.8.1
31;Madrid;España;Grande;99;Administración de dispositivos;10.31.10.0/26;10.31.10.1
31;Madrid;España;Grande;100;Servidores;172.16.31.0/24;172.16.31.1
32;Madrid;España;Grande;10;Usuarios / Empleados;10.32.0.0/22;10.32.0.1
32;Madrid;España;Grande;20;Impresoras y dispositivos periféricos;10.32.4.0/24;10.32.4.1
32;Madrid;España;Grande;30;VoIP / Telefonía IP;10.32.5.0/24;10.32.5.1
32;Madrid;España;Grande;40;Wi-Fi invitados aislada;10.32.6.0/23;10.32.6.1
32;Madrid;España;Grande;50;Wi-Fi corporativa;10.32.8.0/23;10.32.8.1
32;Madrid;España;Grande;99;Administración de dispositivos;10.32.10.0/26;10.32.10.1
32;Madrid;España;Grande;100;Servidores;172.16.32.0/24;172.16.32.1
33;Madrid;España;Grande;10;Usuarios / Empleados;10.33.0.0/22;10.33.0.1
33;Madrid;España;Grande;20;Impresoras y dispositivos periféricos;10.33.4.0/24;10.33.4.1
33;Madrid;España;Grande;30;VoIP / Telefonía IP;10.33.5.0/24;10.33.5.1
33;Madrid;España;Grande;40;Wi-Fi invitados aislada;10.33.6.0/23;10.33.6.1
33;Madrid;España;Grande;50;Wi-Fi corporativa;10.33.8.0/23;10.33.8.1
33;Madrid;España;Grande;99;Administración de dispositivos;10.33.10.0/26;10.33.10.1
33;Madrid;España;Grande;100;Servidores;172.16.33.0/24;172.16.33.1
34;Barcelona;España;Grande;10;Usuarios / Empleados;10.34.0.0/22;10.34.0.1
34;Barcelona;España;Grande;20;Impresoras y dispositivos periféricos;10.34.4.0/24;10.34.4.1
34;Barcelona;España;Grande;30;VoIP / Telefonía IP;10.34.5.0/24;10.34.5.1
34;Barcelona;España;Grande;40;Wi-Fi invitados aislada;10.34.6.0/23;10.34.6.1
34;Barcelona;España;Grande;50;Wi-Fi corporativa;10.34.8.0/23;10.34.8.1
34;Barcelona;España;Grande;99;Administración de dispositivos;10.34.10.0/26;10.34.10.1
34;Barcelona;España;Grande;100;Servidores;172.16.34.0/24;172.16.34.1
35;Barcelona;España;Grande;10;Usuarios / Empleados;10.35.0.0/22;10.35.0.1
35;Barcelona;España;Grande;20;Impresoras y dispositivos periféricos;10.35.4.0/24;10.35.4.1
35;Barcelona;España;Grande;30;VoIP / Telefonía IP;10.35.5.0/24;10.35.5.1
35;Barcelona;España;Grande;40;Wi-Fi invitados aislada;10.35.6.0/23;10.35.6.1
35;Barcelona;España;Grande;50;Wi-Fi corporativa;10.35.8.0/23;10.35.8.1
35;Barcelona;España;Grande;99;Administración de dispositivos;10.35.10.0/26;10.35.10.1
35;Barcelona;España;Grande;100;Servidores;172.16.35.0/24;172.16.35.1
36;Barcelona;España;Grande;10;Usuarios / Empleados;10.36.0.0/22;10.36.0.1
36;Barcelona;España;Grande;20;Impresoras y dispositivos periféricos;10.36.4.0/24;10.36.4.1
36;Barcelona;España;Grande;30;VoIP / Telefonía IP;10.36.5.0/24;10.36.5.1
36;Barcelona;España;Grande;40;Wi-Fi invitados aislada;10.36.6.0/23;10.36.6.1
36;Barcelona;España;Grande;50;Wi-Fi corporativa;10.36.8.0/23;10.36.8.1
36;Barcelona;España;Grande;99;Administración de dispositivos;10.36.10.0/26;10.36.10.1
36;Barcelona;España;Grande;100;Servidores;172.16.36.0/24;172.16.36.1
37;Barcelona;España;Grande;10;Usuarios / Empleados;10.37.0.0/22;10.37.0.1
37;Barcelona;España;Grande;20;Impresoras y dispositivos periféricos;10.37.4.0/24;10.37.4.1
37;Barcelona;España;Grande;30;VoIP / Telefonía IP;10.37.5.0/24;10.37.5.1
37;Barcelona;España;Grande;40;Wi-Fi invitados aislada;10.37.6.0/23;10.37.6.1
37;Barcelona;España;Grande;50;Wi-Fi corporativa;10.37.8.0/23;10.37.8.1
37;Barcelona;España;Grande;99;Administración de dispositivos;10.37.10.0/26;10.37.10.1
37;Barcelona;España;Grande;100;Servidores;172.16.37.0/24;172.16.37.1
38;Barcelona;España;Grande;10;Usuarios / Empleados;10.38.0.0/22;10.38.0.1
38;Barcelona;España;Grande;20;Impresoras y dispositivos periféricos;10.38.4.0/24;10.38.4.1
38;Barcelona;España;Grande;30;VoIP / Telefonía IP;10.38.5.0/24;10.38.5.1
38;Barcelona;España;Grande;40;Wi-Fi invitados aislada;10.38.6.0/23;10.38.6.1
38;Barcelona;España;Grande;50;Wi-Fi corporativa;10.38.8.0/23;10.38.8.1
38;Barcelona;España;Grande;99;Administración de dispositivos;10.38.10.0/26;10.38.10.1
38;Barcelona;España;Grande;100;Servidores;172.16.38.0/24;172.16.38.1
39;Barcelona;España;Grande;10;Usuarios / Empleados;10.39.0.0/22;10.39.0.1
39;Barcelona;España;Grande;20;Impresoras y dispositivos periféricos;10.39.4.0/24;10.39.4.1
39;Barcelona;España;Grande;30;VoIP / Telefonía IP;10.39.5.0/24;10.39.5.1
39;Barcelona;España;Grande;40;Wi-Fi invitados aislada;10.39.6.0/23;10.39.6.1
39;Barcelona;España;Grande;50;Wi-Fi corporativa;10.39.8.0/23;10.39.8.1
39;Barcelona;España;Grande;99;Administración de dispositivos;10.39.10.0/26;10.39.10.1
39;Barcelona;España;Grande;100;Servidores;172.16.39.0/24;172.16.39.1
40;Barcelona;España;Grande;10;Usuarios / Empleados;10.40.0.0/22;10.40.0.1
40;Barcelona;España;Grande;20;Impresoras y dispositivos periféricos;10.40.4.0/24;10.40.4.1
40;Barcelona;España;Grande;30;VoIP / Telefonía IP;10.40.5.0/24;10.40.5.1
40;Barcelona;España;Grande;40;Wi-Fi invitados aislada;10.40.6.0/23;10.40.6.1
40;Barcelona;España;Grande;50;Wi-Fi corporativa;10.40.8.0/23;10.40.8.1
40;Barcelona;España;Grande;99;Administración de dispositivos;10.40.10.0/26;10.40.10.1
40;Barcelona;España;Grande;100;Servidores;172.16.40.0/24;172.16.40.1
41;Barcelona;España;Grande;10;Usuarios / Empleados;10.41.0.0/22;10.41.0.1
41;Barcelona;España;Grande;20;Impresoras y dispositivos periféricos;10.41.4.0/24;10.41.4.1
41;Barcelona;España;Grande;30;VoIP / Telefonía IP;10.41.5.0/24;10.41.5.1
41;Barcelona;España;Grande;40;Wi-Fi invitados aislada;10.41.6.0/23;10.41.6.1
41;Barcelona;España;Grande;50;Wi-Fi corporativa;10.41.8.0/23;10.41.8.1
41;Barcelona;España;Grande;99;Administración de dispositivos;10.41.10.0/26;10.41.10.1
41;Barcelona;España;Grande;100;Servidores;172.16.41.0/24;172.16.41.1
42;Barcelona;España;Grande;10;Usuarios / Empleados;10.42.0.0/22;10.42.0.1
42;Barcelona;España;Grande;20;Impresoras y dispositivos periféricos;10.42.4.0/24;10.42.4.1
42;Barcelona;España;Grande;30;VoIP / Telefonía IP;10.42.5.0/24;10.42.5.1
42;Barcelona;España;Grande;40;Wi-Fi invitados aislada;10.42.6.0/23;10.42.6.1
42;Barcelona;España;Grande;50;Wi-Fi corporativa;10.42.8.0/23;10.42.8.1
42;Barcelona;España;Grande;99;Administración de dispositivos;10.42.10.0/26;10.42.10.1
42;Barcelona;España;Grande;100;Servidores;172.16.42.0/24;172.16.42.1
43;Barcelona;España;Grande;10;Usuarios / Empleados;10.43.0.0/22;10.43.0.1
43;Barcelona;España;Grande;20;Impresoras y dispositivos periféricos;10.43.4.0/24;10.43.4.1
43;Barcelona;España;Grande;30;VoIP / Telefonía IP;10.43.5.0/24;10.43.5.1
43;Barcelona;España;Grande;40;Wi-Fi invitados aislada;10.43.6.0/23;10.43.6.1
43;Barcelona;España;Grande;50;Wi-Fi corporativa;10.43.8.0/23;10.43.8.1
43;Barcelona;España;Grande;99;Administración de dispositivos;10.43.10.0/26;10.43.10.1
43;Barcelona;España;Grande;100;Servidores;172.16.43.0/24;172.16.43.1
44;Barcelona;España;Grande;10;Usuarios / Empleados;10.44.0.0/22;10.44.0.1
44;Barcelona;España;Grande;20;Impresoras y dispositivos periféricos;10.44.4.0/24;10.44.4.1
44;Barcelona;España;Grande;30;VoIP / Telefonía IP;10.44.5.0/24;10.44.5.1
44;Barcelona;España;Grande;40;Wi-Fi invitados aislada;10.44.6.0/23;10.44.6.1
44;Barcelona;España;Grande;50;Wi-Fi corporativa;10.44.8.0/23;10.44.8.1
44;Barcelona;España;Grande;99;Administración de dispositivos;10.44.10.0/26;10.44.10.1
44;Barcelona;España;Grande;100;Servidores;172.16.44.0/24;172.16.44.1
45;Barcelona;España;Grande;10;Usuarios / Empleados;10.45.0.0/22;10.45.0.1
45;Barcelona;España;Grande;20;Impresoras y dispositivos periféricos;10.45.4.0/24;10.45.4.1
45;Barcelona;España;Grande;30;VoIP / Telefonía IP;10.45.5.0/24;10.45.5.1
45;Barcelona;España;Grande;40;Wi-Fi invitados aislada;10.45.6.0/23;10.45.6.1
45;Barcelona;España;Grande;50;Wi-Fi corporativa;10.45.8.0/23;10.45.8.1
45;Barcelona;España;Grande;99;Administración de dispositivos;10.45.10.0/26;10.45.10.1
45;Barcelona;España;Grande;100;Servidores;172.16.45.0/24;172.16.45.1
46;Barcelona;España;Grande;10;Usuarios / Empleados;10.46.0.0/22;10.46.0.1
46;Barcelona;España;Grande;20;Impresoras y dispositivos periféricos;10.46.4.0/24;10.46.4.1
46;Barcelona;España;Grande;30;VoIP / Telefonía IP;10.46.5.0/24;10.46.5.1
46;Barcelona;España;Grande;40;Wi-Fi invitados aislada;10.46.6.0/23;10.46.6.1
46;Barcelona;España;Grande;50;Wi-Fi corporativa;10.46.8.0/23;10.46.8.1
46;Barcelona;España;Grande;99;Administración de dispositivos;10.46.10.0/26;10.46.10.1
46;Barcelona;España;Grande;100;Servidores;172.16.46.0/24;172.16.46.1
47;Barcelona;España;Grande;10;Usuarios / Empleados;10.47.0.0/22;10.47.0.1
47;Barcelona;España;Grande;20;Impresoras y dispositivos periféricos;10.47.4.0/24;10.47.4.1
47;Barcelona;España;Grande;30;VoIP / Telefonía IP;10.47.5.0/24;10.47.5.1
47;Barcelona;España;Grande;40;Wi-Fi invitados aislada;10.47.6.0/23;10.47.6.1
47;Barcelona;España;Grande;50;Wi-Fi corporativa;10.47.8.0/23;10.47.8.1
47;Barcelona;España;Grande;99;Administración de dispositivos;10.47.10.0/26;10.47.10.1
47;Barcelona;España;Grande;100;Servidores;172.16.47.0/24;172.16.47.1
48;Barcelona;España;Grande;10;Usuarios / Empleados;10.48.0.0/22;10.48.0.1
48;Barcelona;España;Grande;20;Impresoras y dispositivos periféricos;10.48.4.0/24;10.48.4.1
48;Barcelona;España;Grande;30;VoIP / Telefonía IP;10.48.5.0/24;10.48.5.1
48;Barcelona;España;Grande;40;Wi-Fi invitados aislada;10.48.6.0/23;10.48.6.1
48;Barcelona;España;Grande;50;Wi-Fi corporativa;10.48.8.0/23;10.48.8.1
48;Barcelona;España;Grande;99;Administración de dispositivos;10.48.10.0/26;10.48.10.1
48;Barcelona;España;Grande;100;Servidores;172.16.48.0/24;172.16.48.1
49;Barcelona;España;Grande;10;Usuarios / Empleados;10.49.0.0/22;10.49.0.1
49;Barcelona;España;Grande;20;Impresoras y dispositivos periféricos;10.49.4.0/24;10.49.4.1
49;Barcelona;España;Grande;30;VoIP / Telefonía IP;10.49.5.0/24;10.49.5.1
49;Barcelona;España;Grande;40;Wi-Fi invitados aislada;10.49.6.0/23;10.49.6.1
49;Barcelona;España;Grande;50;Wi-Fi corporativa;10.49.8.0/23;10.49.8.1
49;Barcelona;España;Grande;99;Administración de dispositivos;10.49.10.0/26;10.49.10.1
49;Barcelona;España;Grande;100;Servidores;172.16.49.0/24;172.16.49.1
50;Valencia;España;Mediana;10;Usuarios / Empleados;10.50.0.0/23;10.50.0.1
50;Valencia;España;Mediana;20;Impresoras y dispositivos periféricos;10.50.2.0/25;10.50.2.1
50;Valencia;España;Mediana;30;VoIP / Telefonía IP;10.50.2.128/25;10.50.2.129
50;Valencia;España;Mediana;40;Wi-Fi invitados aislada;10.50.3.0/24;10.50.3.1
50;Valencia;España;Mediana;50;Wi-Fi corporativa;10.50.4.0/24;10.50.4.1
50;Valencia;España;Mediana;99;Administración de dispositivos;10.50.5.0/27;10.50.5.1
50;Valencia;España;Mediana;100;Servidores;172.16.50.0/25;172.16.50.1
51;Valencia;España;Mediana;10;Usuarios / Empleados;10.51.0.0/23;10.51.0.1
51;Valencia;España;Mediana;20;Impresoras y dispositivos periféricos;10.51.2.0/25;10.51.2.1
51;Valencia;España;Mediana;30;VoIP / Telefonía IP;10.51.2.128/25;10.51.2.129
51;Valencia;España;Mediana;40;Wi-Fi invitados aislada;10.51.3.0/24;10.51.3.1
51;Valencia;España;Mediana;50;Wi-Fi corporativa;10.51.4.0/24;10.51.4.1
51;Valencia;España;Mediana;99;Administración de dispositivos;10.51.5.0/27;10.51.5.1
51;Valencia;España;Mediana;100;Servidores;172.16.51.0/25;172.16.51.1
52;Valencia;España;Mediana;10;Usuarios / Empleados;10.52.0.0/23;10.52.0.1
52;Valencia;España;Mediana;20;Impresoras y dispositivos periféricos;10.52.2.0/25;10.52.2.1
52;Valencia;España;Mediana;30;VoIP / Telefonía IP;10.52.2.128/25;10.52.2.129
52;Valencia;España;Mediana;40;Wi-Fi invitados aislada;10.52.3.0/24;10.52.3.1
52;Valencia;España;Mediana;50;Wi-Fi corporativa;10.52.4.0/24;10.52.4.1
52;Valencia;España;Mediana;99;Administración de dispositivos;10.52.5.0/27;10.52.5.1
52;Valencia;España;Mediana;100;Servidores;172.16.52.0/25;172.16.52.1
53;Valencia;España;Mediana;10;Usuarios / Empleados;10.53.0.0/23;10.53.0.1
53;Valencia;España;Mediana;20;Impresoras y dispositivos periféricos;10.53.2.0/25;10.53.2.1
53;Valencia;España;Mediana;30;VoIP / Telefonía IP;10.53.2.128/25;10.53.2.129
53;Valencia;España;Mediana;40;Wi-Fi invitados aislada;10.53.3.0/24;10.53.3.1
53;Valencia;España;Mediana;50;Wi-Fi corporativa;10.53.4.0/24;10.53.4.1
53;Valencia;España;Mediana;99;Administración de dispositivos;10.53.5.0/27;10.53.5.1
53;Valencia;España;Mediana;100;Servidores;172.16.53.0/25;172.16.53.1
54;Valencia;España;Mediana;10;Usuarios / Empleados;10.54.0.0/23;10.54.0.1
54;Valencia;España;Mediana;20;Impresoras y dispositivos periféricos;10.54.2.0/25;10.54.2.1
54;Valencia;España;Mediana;30;VoIP / Telefonía IP;10.54.2.128/25;10.54.2.129
54;Valencia;España;Mediana;40;Wi-Fi invitados aislada;10.54.3.0/24;10.54.3.1
54;Valencia;España;Mediana;50;Wi-Fi corporativa;10.54.4.0/24;10.54.4.1
54;Valencia;España;Mediana;99;Administración de dispositivos;10.54.5.0/27;10.54.5.1
54;Valencia;España;Mediana;100;Servidores;172.16.54.0/25;172.16.54.1
55;Valencia;España;Mediana;10;Usuarios / Empleados;10.55.0.0/23;10.55.0.1
55;Valencia;España;Mediana;20;Impresoras y dispositivos periféricos;10.55.2.0/25;10.55.2.1
55;Valencia;España;Mediana;30;VoIP / Telefonía IP;10.55.2.128/25;10.55.2.129
55;Valencia;España;Mediana;40;Wi-Fi invitados aislada;10.55.3.0/24;10.55.3.1
55;Valencia;España;Mediana;50;Wi-Fi corporativa;10.55.4.0/24;10.55.4.1
55;Valencia;España;Mediana;99;Administración de dispositivos;10.55.5.0/27;10.55.5.1
55;Valencia;España;Mediana;100;Servidores;172.16.55.0/25;172.16.55.1
56;Valencia;España;Mediana;10;Usuarios / Empleados;10.56.0.0/23;10.56.0.1
56;Valencia;España;Mediana;20;Impresoras y dispositivos periféricos;10.56.2.0/25;10.56.2.1
56;Valencia;España;Mediana;30;VoIP / Telefonía IP;10.56.2.128/25;10.56.2.129
56;Valencia;España;Mediana;40;Wi-Fi invitados aislada;10.56.3.0/24;10.56.3.1
56;Valencia;España;Mediana;50;Wi-Fi corporativa;10.56.4.0/24;10.56.4.1
56;Valencia;España;Mediana;99;Administración de dispositivos;10.56.5.0/27;10.56.5.1
56;Valencia;España;Mediana;100;Servidores;172.16.56.0/25;172.16.56.1
57;Valencia;España;Mediana;10;Usuarios / Empleados;10.57.0.0/23;10.57.0.1
57;Valencia;España;Mediana;20;Impresoras y dispositivos periféricos;10.57.2.0/25;10.57.2.1
57;Valencia;España;Mediana;30;VoIP / Telefonía IP;10.57.2.128/25;10.57.2.129
57;Valencia;España;Mediana;40;Wi-Fi invitados aislada;10.57.3.0/24;10.57.3.1
57;Valencia;España;Mediana;50;Wi-Fi corporativa;10.57.4.0/24;10.57.4.1
57;Valencia;España;Mediana;99;Administración de dispositivos;10.57.5.0/27;10.57.5.1
57;Valencia;España;Mediana;100;Servidores;172.16.57.0/25;172.16.57.1
58;Málaga;España;Mediana;10;Usuarios / Empleados;10.58.0.0/23;10.58.0.1
58;Málaga;España;Mediana;20;Impresoras y dispositivos periféricos;10.58.2.0/25;10.58.2.1
58;Málaga;España;Mediana;30;VoIP / Telefonía IP;10.58.2.128/25;10.58.2.129
58;Málaga;España;Mediana;40;Wi-Fi invitados aislada;10.58.3.0/24;10.58.3.1
58;Málaga;España;Mediana;50;Wi-Fi corporativa;10.58.4.0/24;10.58.4.1
58;Málaga;España;Mediana;99;Administración de dispositivos;10.58.5.0/27;10.58.5.1
58;Málaga;España;Mediana;100;Servidores;172.16.58.0/25;172.16.58.1
59;Málaga;España;Mediana;10;Usuarios / Empleados;10.59.0.0/23;10.59.0.1
59;Málaga;España;Mediana;20;Impresoras y dispositivos periféricos;10.59.2.0/25;10.59.2.1
59;Málaga;España;Mediana;30;VoIP / Telefonía IP;10.59.2.128/25;10.59.2.129
59;Málaga;España;Mediana;40;Wi-Fi invitados aislada;10.59.3.0/24;10.59.3.1
59;Málaga;España;Mediana;50;Wi-Fi corporativa;10.59.4.0/24;10.59.4.1
59;Málaga;España;Mediana;99;Administración de dispositivos;10.59.5.0/27;10.59.5.1
59;Málaga;España;Mediana;100;Servidores;172.16.59.0/25;172.16.59.1
60;Málaga;España;Mediana;10;Usuarios / Empleados;10.60.0.0/23;10.60.0.1
60;Málaga;España;Mediana;20;Impresoras y dispositivos periféricos;10.60.2.0/25;10.60.2.1
60;Málaga;España;Mediana;30;VoIP / Telefonía IP;10.60.2.128/25;10.60.2.129
60;Málaga;España;Mediana;40;Wi-Fi invitados aislada;10.60.3.0/24;10.60.3.1
60;Málaga;España;Mediana;50;Wi-Fi corporativa;10.60.4.0/24;10.60.4.1
60;Málaga;España;Mediana;99;Administración de dispositivos;10.60.5.0/27;10.60.5.1
60;Málaga;España;Mediana;100;Servidores;172.16.60.0/25;172.16.60.1
61;Málaga;España;Mediana;10;Usuarios / Empleados;10.61.0.0/23;10.61.0.1
61;Málaga;España;Mediana;20;Impresoras y dispositivos periféricos;10.61.2.0/25;10.61.2.1
61;Málaga;España;Mediana;30;VoIP / Telefonía IP;10.61.2.128/25;10.61.2.129
61;Málaga;España;Mediana;40;Wi-Fi invitados aislada;10.61.3.0/24;10.61.3.1
61;Málaga;España;Mediana;50;Wi-Fi corporativa;10.61.4.0/24;10.61.4.1
61;Málaga;España;Mediana;99;Administración de dispositivos;10.61.5.0/27;10.61.5.1
61;Málaga;España;Mediana;100;Servidores;172.16.61.0/25;172.16.61.1
62;Málaga;España;Mediana;10;Usuarios / Empleados;10.62.0.0/23;10.62.0.1
62;Málaga;España;Mediana;20;Impresoras y dispositivos periféricos;10.62.2.0/25;10.62.2.1
62;Málaga;España;Mediana;30;VoIP / Telefonía IP;10.62.2.128/25;10.62.2.129
62;Málaga;España;Mediana;40;Wi-Fi invitados aislada;10.62.3.0/24;10.62.3.1
62;Málaga;España;Mediana;50;Wi-Fi corporativa;10.62.4.0/24;10.62.4.1
62;Málaga;España;Mediana;99;Administración de dispositivos;10.62.5.0/27;10.62.5.1
62;Málaga;España;Mediana;100;Servidores;172.16.62.0/25;172.16.62.1
63;Málaga;España;Mediana;10;Usuarios / Empleados;10.63.0.0/23;10.63.0.1
63;Málaga;España;Mediana;20;Impresoras y dispositivos periféricos;10.63.2.0/25;10.63.2.1
63;Málaga;España;Mediana;30;VoIP / Telefonía IP;10.63.2.128/25;10.63.2.129
63;Málaga;España;Mediana;40;Wi-Fi invitados aislada;10.63.3.0/24;10.63.3.1
63;Málaga;España;Mediana;50;Wi-Fi corporativa;10.63.4.0/24;10.63.4.1
63;Málaga;España;Mediana;99;Administración de dispositivos;10.63.5.0/27;10.63.5.1
63;Málaga;España;Mediana;100;Servidores;172.16.63.0/25;172.16.63.1
64;Sevilla;España;Mediana;10;Usuarios / Empleados;10.64.0.0/23;10.64.0.1
64;Sevilla;España;Mediana;20;Impresoras y dispositivos periféricos;10.64.2.0/25;10.64.2.1
64;Sevilla;España;Mediana;30;VoIP / Telefonía IP;10.64.2.128/25;10.64.2.129
64;Sevilla;España;Mediana;40;Wi-Fi invitados aislada;10.64.3.0/24;10.64.3.1
64;Sevilla;España;Mediana;50;Wi-Fi corporativa;10.64.4.0/24;10.64.4.1
64;Sevilla;España;Mediana;99;Administración de dispositivos;10.64.5.0/27;10.64.5.1
64;Sevilla;España;Mediana;100;Servidores;172.16.64.0/25;172.16.64.1
65;Sevilla;España;Mediana;10;Usuarios / Empleados;10.65.0.0/23;10.65.0.1
65;Sevilla;España;Mediana;20;Impresoras y dispositivos periféricos;10.65.2.0/25;10.65.2.1
65;Sevilla;España;Mediana;30;VoIP / Telefonía IP;10.65.2.128/25;10.65.2.129
65;Sevilla;España;Mediana;40;Wi-Fi invitados aislada;10.65.3.0/24;10.65.3.1
65;Sevilla;España;Mediana;50;Wi-Fi corporativa;10.65.4.0/24;10.65.4.1
65;Sevilla;España;Mediana;99;Administración de dispositivos;10.65.5.0/27;10.65.5.1
65;Sevilla;España;Mediana;100;Servidores;172.16.65.0/25;172.16.65.1
66;Sevilla;España;Mediana;10;Usuarios / Empleados;10.66.0.0/23;10.66.0.1
66;Sevilla;España;Mediana;20;Impresoras y dispositivos periféricos;10.66.2.0/25;10.66.2.1
66;Sevilla;España;Mediana;30;VoIP / Telefonía IP;10.66.2.128/25;10.66.2.129
66;Sevilla;España;Mediana;40;Wi-Fi invitados aislada;10.66.3.0/24;10.66.3.1
66;Sevilla;España;Mediana;50;Wi-Fi corporativa;10.66.4.0/24;10.66.4.1
66;Sevilla;España;Mediana;99;Administración de dispositivos;10.66.5.0/27;10.66.5.1
66;Sevilla;España;Mediana;100;Servidores;172.16.66.0/25;172.16.66.1
67;Sevilla;España;Mediana;10;Usuarios / Empleados;10.67.0.0/23;10.67.0.1
67;Sevilla;España;Mediana;20;Impresoras y dispositivos periféricos;10.67.2.0/25;10.67.2.1
67;Sevilla;España;Mediana;30;VoIP / Telefonía IP;10.67.2.128/25;10.67.2.129
67;Sevilla;España;Mediana;40;Wi-Fi invitados aislada;10.67.3.0/24;10.67.3.1
67;Sevilla;España;Mediana;50;Wi-Fi corporativa;10.67.4.0/24;10.67.4.1
67;Sevilla;España;Mediana;99;Administración de dispositivos;10.67.5.0/27;10.67.5.1
67;Sevilla;España;Mediana;100;Servidores;172.16.67.0/25;172.16.67.1
68;Sevilla;España;Mediana;10;Usuarios / Empleados;10.68.0.0/23;10.68.0.1
68;Sevilla;España;Mediana;20;Impresoras y dispositivos periféricos;10.68.2.0/25;10.68.2.1
68;Sevilla;España;Mediana;30;VoIP / Telefonía IP;10.68.2.128/25;10.68.2.129
68;Sevilla;España;Mediana;40;Wi-Fi invitados aislada;10.68.3.0/24;10.68.3.1
68;Sevilla;España;Mediana;50;Wi-Fi corporativa;10.68.4.0/24;10.68.4.1
68;Sevilla;España;Mediana;99;Administración de dispositivos;10.68.5.0/27;10.68.5.1
68;Sevilla;España;Mediana;100;Servidores;172.16.68.0/25;172.16.68.1
69;Sevilla;España;Mediana;10;Usuarios / Empleados;10.69.0.0/23;10.69.0.1
69;Sevilla;España;Mediana;20;Impresoras y dispositivos periféricos;10.69.2.0/25;10.69.2.1
69;Sevilla;España;Mediana;30;VoIP / Telefonía IP;10.69.2.128/25;10.69.2.129
69;Sevilla;España;Mediana;40;Wi-Fi invitados aislada;10.69.3.0/24;10.69.3.1
69;Sevilla;España;Mediana;50;Wi-Fi corporativa;10.69.4.0/24;10.69.4.1
69;Sevilla;España;Mediana;99;Administración de dispositivos;10.69.5.0/27;10.69.5.1
69;Sevilla;España;Mediana;100;Servidores;172.16.69.0/25;172.16.69.1
70;Sevilla;España;Mediana;10;Usuarios / Empleados;10.70.0.0/23;10.70.0.1
70;Sevilla;España;Mediana;20;Impresoras y dispositivos periféricos;10.70.2.0/25;10.70.2.1
70;Sevilla;España;Mediana;30;VoIP / Telefonía IP;10.70.2.128/25;10.70.2.129
70;Sevilla;España;Mediana;40;Wi-Fi invitados aislada;10.70.3.0/24;10.70.3.1
70;Sevilla;España;Mediana;50;Wi-Fi corporativa;10.70.4.0/24;10.70.4.1
70;Sevilla;España;Mediana;99;Administración de dispositivos;10.70.5.0/27;10.70.5.1
70;Sevilla;España;Mediana;100;Servidores;172.16.70.0/25;172.16.70.1
71;Zaragoza;España;Mediana;10;Usuarios / Empleados;10.71.0.0/23;10.71.0.1
71;Zaragoza;España;Mediana;20;Impresoras y dispositivos periféricos;10.71.2.0/25;10.71.2.1
71;Zaragoza;España;Mediana;30;VoIP / Telefonía IP;10.71.2.128/25;10.71.2.129
71;Zaragoza;España;Mediana;40;Wi-Fi invitados aislada;10.71.3.0/24;10.71.3.1
71;Zaragoza;España;Mediana;50;Wi-Fi corporativa;10.71.4.0/24;10.71.4.1
71;Zaragoza;España;Mediana;99;Administración de dispositivos;10.71.5.0/27;10.71.5.1
71;Zaragoza;España;Mediana;100;Servidores;172.16.71.0/25;172.16.71.1
72;Zaragoza;España;Mediana;10;Usuarios / Empleados;10.72.0.0/23;10.72.0.1
72;Zaragoza;España;Mediana;20;Impresoras y dispositivos periféricos;10.72.2.0/25;10.72.2.1
72;Zaragoza;España;Mediana;30;VoIP / Telefonía IP;10.72.2.128/25;10.72.2.129
72;Zaragoza;España;Mediana;40;Wi-Fi invitados aislada;10.72.3.0/24;10.72.3.1
72;Zaragoza;España;Mediana;50;Wi-Fi corporativa;10.72.4.0/24;10.72.4.1
72;Zaragoza;España;Mediana;99;Administración de dispositivos;10.72.5.0/27;10.72.5.1
72;Zaragoza;España;Mediana;100;Servidores;172.16.72.0/25;172.16.72.1
73;Zaragoza;España;Mediana;10;Usuarios / Empleados;10.73.0.0/23;10.73.0.1
73;Zaragoza;España;Mediana;20;Impresoras y dispositivos periféricos;10.73.2.0/25;10.73.2.1
73;Zaragoza;España;Mediana;30;VoIP / Telefonía IP;10.73.2.128/25;10.73.2.129
73;Zaragoza;España;Mediana;40;Wi-Fi invitados aislada;10.73.3.0/24;10.73.3.1
73;Zaragoza;España;Mediana;50;Wi-Fi corporativa;10.73.4.0/24;10.73.4.1
73;Zaragoza;España;Mediana;99;Administración de dispositivos;10.73.5.0/27;10.73.5.1
73;Zaragoza;España;Mediana;100;Servidores;172.16.73.0/25;172.16.73.1
74;Zaragoza;España;Mediana;10;Usuarios / Empleados;10.74.0.0/23;10.74.0.1
74;Zaragoza;España;Mediana;20;Impresoras y dispositivos periféricos;10.74.2.0/25;10.74.2.1
74;Zaragoza;España;Mediana;30;VoIP / Telefonía IP;10.74.2.128/25;10.74.2.129
74;Zaragoza;España;Mediana;40;Wi-Fi invitados aislada;10.74.3.0/24;10.74.3.1
74;Zaragoza;España;Mediana;50;Wi-Fi corporativa;10.74.4.0/24;10.74.4.1
74;Zaragoza;España;Mediana;99;Administración de dispositivos;10.74.5.0/27;10.74.5.1
74;Zaragoza;España;Mediana;100;Servidores;172.16.74.0/25;172.16.74.1
75;Zaragoza;España;Mediana;10;Usuarios / Empleados;10.75.0.0/23;10.75.0.1
75;Zaragoza;España;Mediana;20;Impresoras y dispositivos periféricos;10.75.2.0/25;10.75.2.1
75;Zaragoza;España;Mediana;30;VoIP / Telefonía IP;10.75.2.128/25;10.75.2.129
75;Zaragoza;España;Mediana;40;Wi-Fi invitados aislada;10.75.3.0/24;10.75.3.1
75;Zaragoza;España;Mediana;50;Wi-Fi corporativa;10.75.4.0/24;10.75.4.1
75;Zaragoza;España;Mediana;99;Administración de dispositivos;10.75.5.0/27;10.75.5.1
75;Zaragoza;España;Mediana;100;Servidores;172.16.75.0/25;172.16.75.1
76;Zaragoza;España;Mediana;10;Usuarios / Empleados;10.76.0.0/23;10.76.0.1
76;Zaragoza;España;Mediana;20;Impresoras y dispositivos periféricos;10.76.2.0/25;10.76.2.1
76;Zaragoza;España;Mediana;30;VoIP / Telefonía IP;10.76.2.128/25;10.76.2.129
76;Zaragoza;España;Mediana;40;Wi-Fi invitados aislada;10.76.3.0/24;10.76.3.1
76;Zaragoza;España;Mediana;50;Wi-Fi corporativa;10.76.4.0/24;10.76.4.1
76;Zaragoza;España;Mediana;99;Administración de dispositivos;10.76.5.0/27;10.76.5.1
76;Zaragoza;España;Mediana;100;Servidores;172.16.76.0/25;172.16.76.1
77;Zaragoza;España;Mediana;10;Usuarios / Empleados;10.77.0.0/23;10.77.0.1
77;Zaragoza;España;Mediana;20;Impresoras y dispositivos periféricos;10.77.2.0/25;10.77.2.1
77;Zaragoza;España;Mediana;30;VoIP / Telefonía IP;10.77.2.128/25;10.77.2.129
77;Zaragoza;España;Mediana;40;Wi-Fi invitados aislada;10.77.3.0/24;10.77.3.1
77;Zaragoza;España;Mediana;50;Wi-Fi corporativa;10.77.4.0/24;10.77.4.1
77;Zaragoza;España;Mediana;99;Administración de dispositivos;10.77.5.0/27;10.77.5.1
77;Zaragoza;España;Mediana;100;Servidores;172.16.77.0/25;172.16.77.1
78;León;España;Pequeña;10;Usuarios / Empleados;10.78.0.0/24;10.78.0.1
78;León;España;Pequeña;20;Impresoras y dispositivos periféricos;10.78.1.0/26;10.78.1.1
78;León;España;Pequeña;30;VoIP / Telefonía IP;10.78.1.64/26;10.78.1.65
78;León;España;Pequeña;40;Wi-Fi invitados aislada;10.78.1.128/25;10.78.1.129
78;León;España;Pequeña;50;Wi-Fi corporativa;10.78.2.0/25;10.78.2.1
78;León;España;Pequeña;99;Administración de dispositivos;10.78.2.128/28;10.78.2.129
78;León;España;Pequeña;100;Servidores;172.16.78.0/26;172.16.78.1
79;Logroño;España;Pequeña;10;Usuarios / Empleados;10.79.0.0/24;10.79.0.1
79;Logroño;España;Pequeña;20;Impresoras y dispositivos periféricos;10.79.1.0/26;10.79.1.1
79;Logroño;España;Pequeña;30;VoIP / Telefonía IP;10.79.1.64/26;10.79.1.65
79;Logroño;España;Pequeña;40;Wi-Fi invitados aislada;10.79.1.128/25;10.79.1.129
79;Logroño;España;Pequeña;50;Wi-Fi corporativa;10.79.2.0/25;10.79.2.1
79;Logroño;España;Pequeña;99;Administración de dispositivos;10.79.2.128/28;10.79.2.129
79;Logroño;España;Pequeña;100;Servidores;172.16.79.0/26;172.16.79.1
80;Logroño;España;Pequeña;10;Usuarios / Empleados;10.80.0.0/24;10.80.0.1
80;Logroño;España;Pequeña;20;Impresoras y dispositivos periféricos;10.80.1.0/26;10.80.1.1
80;Logroño;España;Pequeña;30;VoIP / Telefonía IP;10.80.1.64/26;10.80.1.65
80;Logroño;España;Pequeña;40;Wi-Fi invitados aislada;10.80.1.128/25;10.80.1.129
80;Logroño;España;Pequeña;50;Wi-Fi corporativa;10.80.2.0/25;10.80.2.1
80;Logroño;España;Pequeña;99;Administración de dispositivos;10.80.2.128/28;10.80.2.129
80;Logroño;España;Pequeña;100;Servidores;172.16.80.0/26;172.16.80.1
81;Bilbao;España;Pequeña;10;Usuarios / Empleados;10.81.0.0/24;10.81.0.1
81;Bilbao;España;Pequeña;20;Impresoras y dispositivos periféricos;10.81.1.0/26;10.81.1.1
81;Bilbao;España;Pequeña;30;VoIP / Telefonía IP;10.81.1.64/26;10.81.1.65
81;Bilbao;España;Pequeña;40;Wi-Fi invitados aislada;10.81.1.128/25;10.81.1.129
81;Bilbao;España;Pequeña;50;Wi-Fi corporativa;10.81.2.0/25;10.81.2.1
81;Bilbao;España;Pequeña;99;Administración de dispositivos;10.81.2.128/28;10.81.2.129
81;Bilbao;España;Pequeña;100;Servidores;172.16.81.0/26;172.16.81.1
82;Bilbao;España;Pequeña;10;Usuarios / Empleados;10.82.0.0/24;10.82.0.1
82;Bilbao;España;Pequeña;20;Impresoras y dispositivos periféricos;10.82.1.0/26;10.82.1.1
82;Bilbao;España;Pequeña;30;VoIP / Telefonía IP;10.82.1.64/26;10.82.1.65
82;Bilbao;España;Pequeña;40;Wi-Fi invitados aislada;10.82.1.128/25;10.82.1.129
82;Bilbao;España;Pequeña;50;Wi-Fi corporativa;10.82.2.0/25;10.82.2.1
82;Bilbao;España;Pequeña;99;Administración de dispositivos;10.82.2.128/28;10.82.2.129
82;Bilbao;España;Pequeña;100;Servidores;172.16.82.0/26;172.16.82.1
83;Bilbao;España;Pequeña;10;Usuarios / Empleados;10.83.0.0/24;10.83.0.1
83;Bilbao;España;Pequeña;20;Impresoras y dispositivos periféricos;10.83.1.0/26;10.83.1.1
83;Bilbao;España;Pequeña;30;VoIP / Telefonía IP;10.83.1.64/26;10.83.1.65
83;Bilbao;España;Pequeña;40;Wi-Fi invitados aislada;10.83.1.128/25;10.83.1.129
83;Bilbao;España;Pequeña;50;Wi-Fi corporativa;10.83.2.0/25;10.83.2.1
83;Bilbao;España;Pequeña;99;Administración de dispositivos;10.83.2.128/28;10.83.2.129
83;Bilbao;España;Pequeña;100;Servidores;172.16.83.0/26;172.16.83.1
84;Badajoz;España;Pequeña;10;Usuarios / Empleados;10.84.0.0/24;10.84.0.1
84;Badajoz;España;Pequeña;20;Impresoras y dispositivos periféricos;10.84.1.0/26;10.84.1.1
84;Badajoz;España;Pequeña;30;VoIP / Telefonía IP;10.84.1.64/26;10.84.1.65
84;Badajoz;España;Pequeña;40;Wi-Fi invitados aislada;10.84.1.128/25;10.84.1.129
84;Badajoz;España;Pequeña;50;Wi-Fi corporativa;10.84.2.0/25;10.84.2.1
84;Badajoz;España;Pequeña;99;Administración de dispositivos;10.84.2.128/28;10.84.2.129
84;Badajoz;España;Pequeña;100;Servidores;172.16.84.0/26;172.16.84.1
85;Badajoz;España;Pequeña;10;Usuarios / Empleados;10.85.0.0/24;10.85.0.1
85;Badajoz;España;Pequeña;20;Impresoras y dispositivos periféricos;10.85.1.0/26;10.85.1.1
85;Badajoz;España;Pequeña;30;VoIP / Telefonía IP;10.85.1.64/26;10.85.1.65
85;Badajoz;España;Pequeña;40;Wi-Fi invitados aislada;10.85.1.128/25;10.85.1.129
85;Badajoz;España;Pequeña;50;Wi-Fi corporativa;10.85.2.0/25;10.85.2.1
85;Badajoz;España;Pequeña;99;Administración de dispositivos;10.85.2.128/28;10.85.2.129
85;Badajoz;España;Pequeña;100;Servidores;172.16.85.0/26;172.16.85.1
86;Santander;España;Pequeña;10;Usuarios / Empleados;10.86.0.0/24;10.86.0.1
86;Santander;España;Pequeña;20;Impresoras y dispositivos periféricos;10.86.1.0/26;10.86.1.1
86;Santander;España;Pequeña;30;VoIP / Telefonía IP;10.86.1.64/26;10.86.1.65
86;Santander;España;Pequeña;40;Wi-Fi invitados aislada;10.86.1.128/25;10.86.1.129
86;Santander;España;Pequeña;50;Wi-Fi corporativa;10.86.2.0/25;10.86.2.1
86;Santander;España;Pequeña;99;Administración de dispositivos;10.86.2.128/28;10.86.2.129
86;Santander;España;Pequeña;100;Servidores;172.16.86.0/26;172.16.86.1
87;Santander;España;Pequeña;10;Usuarios / Empleados;10.87.0.0/24;10.87.0.1
87;Santander;España;Pequeña;20;Impresoras y dispositivos periféricos;10.87.1.0/26;10.87.1.1
87;Santander;España;Pequeña;30;VoIP / Telefonía IP;10.87.1.64/26;10.87.1.65
87;Santander;España;Pequeña;40;Wi-Fi invitados aislada;10.87.1.128/25;10.87.1.129
87;Santander;España;Pequeña;50;Wi-Fi corporativa;10.87.2.0/25;10.87.2.1
87;Santander;España;Pequeña;99;Administración de dispositivos;10.87.2.128/28;10.87.2.129
87;Santander;España;Pequeña;100;Servidores;172.16.87.0/26;172.16.87.1
88;Salamanca;España;Pequeña;10;Usuarios / Empleados;10.88.0.0/24;10.88.0.1
88;Salamanca;España;Pequeña;20;Impresoras y dispositivos periféricos;10.88.1.0/26;10.88.1.1
88;Salamanca;España;Pequeña;30;VoIP / Telefonía IP;10.88.1.64/26;10.88.1.65
88;Salamanca;España;Pequeña;40;Wi-Fi invitados aislada;10.88.1.128/25;10.88.1.129
88;Salamanca;España;Pequeña;50;Wi-Fi corporativa;10.88.2.0/25;10.88.2.1
88;Salamanca;España;Pequeña;99;Administración de dispositivos;10.88.2.128/28;10.88.2.129
88;Salamanca;España;Pequeña;100;Servidores;172.16.88.0/26;172.16.88.1
89;Ciudad de México;México;Grande;10;Usuarios / Empleados;10.89.0.0/22;10.89.0.1
89;Ciudad de México;México;Grande;20;Impresoras y dispositivos periféricos;10.89.4.0/24;10.89.4.1
89;Ciudad de México;México;Grande;30;VoIP / Telefonía IP;10.89.5.0/24;10.89.5.1
89;Ciudad de México;México;Grande;40;Wi-Fi invitados aislada;10.89.6.0/23;10.89.6.1
89;Ciudad de México;México;Grande;50;Wi-Fi corporativa;10.89.8.0/23;10.89.8.1
89;Ciudad de México;México;Grande;99;Administración de dispositivos;10.89.10.0/26;10.89.10.1
89;Ciudad de México;México;Grande;100;Servidores;172.16.89.0/24;172.16.89.1
90;Ciudad de México;México;Grande;10;Usuarios / Empleados;10.90.0.0/22;10.90.0.1
90;Ciudad de México;México;Grande;20;Impresoras y dispositivos periféricos;10.90.4.0/24;10.90.4.1
90;Ciudad de México;México;Grande;30;VoIP / Telefonía IP;10.90.5.0/24;10.90.5.1
90;Ciudad de México;México;Grande;40;Wi-Fi invitados aislada;10.90.6.0/23;10.90.6.1
90;Ciudad de México;México;Grande;50;Wi-Fi corporativa;10.90.8.0/23;10.90.8.1
90;Ciudad de México;México;Grande;99;Administración de dispositivos;10.90.10.0/26;10.90.10.1
90;Ciudad de México;México;Grande;100;Servidores;172.16.90.0/24;172.16.90.1
91;Ciudad de México;México;Grande;10;Usuarios / Empleados;10.91.0.0/22;10.91.0.1
91;Ciudad de México;México;Grande;20;Impresoras y dispositivos periféricos;10.91.4.0/24;10.91.4.1
91;Ciudad de México;México;Grande;30;VoIP / Telefonía IP;10.91.5.0/24;10.91.5.1
91;Ciudad de México;México;Grande;40;Wi-Fi invitados aislada;10.91.6.0/23;10.91.6.1
91;Ciudad de México;México;Grande;50;Wi-Fi corporativa;10.91.8.0/23;10.91.8.1
91;Ciudad de México;México;Grande;99;Administración de dispositivos;10.91.10.0/26;10.91.10.1
91;Ciudad de México;México;Grande;100;Servidores;172.16.91.0/24;172.16.91.1
92;Ciudad de México;México;Grande;10;Usuarios / Empleados;10.92.0.0/22;10.92.0.1
92;Ciudad de México;México;Grande;20;Impresoras y dispositivos periféricos;10.92.4.0/24;10.92.4.1
92;Ciudad de México;México;Grande;30;VoIP / Telefonía IP;10.92.5.0/24;10.92.5.1
92;Ciudad de México;México;Grande;40;Wi-Fi invitados aislada;10.92.6.0/23;10.92.6.1
92;Ciudad de México;México;Grande;50;Wi-Fi corporativa;10.92.8.0/23;10.92.8.1
92;Ciudad de México;México;Grande;99;Administración de dispositivos;10.92.10.0/26;10.92.10.1
92;Ciudad de México;México;Grande;100;Servidores;172.16.92.0/24;172.16.92.1
93;Ciudad de México;México;Grande;10;Usuarios / Empleados;10.93.0.0/22;10.93.0.1
93;Ciudad de México;México;Grande;20;Impresoras y dispositivos periféricos;10.93.4.0/24;10.93.4.1
93;Ciudad de México;México;Grande;30;VoIP / Telefonía IP;10.93.5.0/24;10.93.5.1
93;Ciudad de México;México;Grande;40;Wi-Fi invitados aislada;10.93.6.0/23;10.93.6.1
93;Ciudad de México;México;Grande;50;Wi-Fi corporativa;10.93.8.0/23;10.93.8.1
93;Ciudad de México;México;Grande;99;Administración de dispositivos;10.93.10.0/26;10.93.10.1
93;Ciudad de México;México;Grande;100;Servidores;172.16.93.0/24;172.16.93.1
94;Ciudad de México;México;Grande;10;Usuarios / Empleados;10.94.0.0/22;10.94.0.1
94;Ciudad de México;México;Grande;20;Impresoras y dispositivos periféricos;10.94.4.0/24;10.94.4.1
94;Ciudad de México;México;Grande;30;VoIP / Telefonía IP;10.94.5.0/24;10.94.5.1
94;Ciudad de México;México;Grande;40;Wi-Fi invitados aislada;10.94.6.0/23;10.94.6.1
94;Ciudad de México;México;Grande;50;Wi-Fi corporativa;10.94.8.0/23;10.94.8.1
94;Ciudad de México;México;Grande;99;Administración de dispositivos;10.94.10.0/26;10.94.10.1
94;Ciudad de México;México;Grande;100;Servidores;172.16.94.0/24;172.16.94.1
95;Ciudad de México;México;Grande;10;Usuarios / Empleados;10.95.0.0/22;10.95.0.1
95;Ciudad de México;México;Grande;20;Impresoras y dispositivos periféricos;10.95.4.0/24;10.95.4.1
95;Ciudad de México;México;Grande;30;VoIP / Telefonía IP;10.95.5.0/24;10.95.5.1
95;Ciudad de México;México;Grande;40;Wi-Fi invitados aislada;10.95.6.0/23;10.95.6.1
95;Ciudad de México;México;Grande;50;Wi-Fi corporativa;10.95.8.0/23;10.95.8.1
95;Ciudad de México;México;Grande;99;Administración de dispositivos;10.95.10.0/26;10.95.10.1
95;Ciudad de México;México;Grande;100;Servidores;172.16.95.0/24;172.16.95.1
96;Ciudad de México;México;Grande;10;Usuarios / Empleados;10.96.0.0/22;10.96.0.1
96;Ciudad de México;México;Grande;20;Impresoras y dispositivos periféricos;10.96.4.0/24;10.96.4.1
96;Ciudad de México;México;Grande;30;VoIP / Telefonía IP;10.96.5.0/24;10.96.5.1
96;Ciudad de México;México;Grande;40;Wi-Fi invitados aislada;10.96.6.0/23;10.96.6.1
96;Ciudad de México;México;Grande;50;Wi-Fi corporativa;10.96.8.0/23;10.96.8.1
96;Ciudad de México;México;Grande;99;Administración de dispositivos;10.96.10.0/26;10.96.10.1
96;Ciudad de México;México;Grande;100;Servidores;172.16.96.0/24;172.16.96.1
97;Ciudad de México;México;Grande;10;Usuarios / Empleados;10.97.0.0/22;10.97.0.1
97;Ciudad de México;México;Grande;20;Impresoras y dispositivos periféricos;10.97.4.0/24;10.97.4.1
97;Ciudad de México;México;Grande;30;VoIP / Telefonía IP;10.97.5.0/24;10.97.5.1
97;Ciudad de México;México;Grande;40;Wi-Fi invitados aislada;10.97.6.0/23;10.97.6.1
97;Ciudad de México;México;Grande;50;Wi-Fi corporativa;10.97.8.0/23;10.97.8.1
97;Ciudad de México;México;Grande;99;Administración de dispositivos;10.97.10.0/26;10.97.10.1
97;Ciudad de México;México;Grande;100;Servidores;172.16.97.0/24;172.16.97.1
98;Ciudad de México;México;Grande;10;Usuarios / Empleados;10.98.0.0/22;10.98.0.1
98;Ciudad de México;México;Grande;20;Impresoras y dispositivos periféricos;10.98.4.0/24;10.98.4.1
98;Ciudad de México;México;Grande;30;VoIP / Telefonía IP;10.98.5.0/24;10.98.5.1
98;Ciudad de México;México;Grande;40;Wi-Fi invitados aislada;10.98.6.0/23;10.98.6.1
98;Ciudad de México;México;Grande;50;Wi-Fi corporativa;10.98.8.0/23;10.98.8.1
98;Ciudad de México;México;Grande;99;Administración de dispositivos;10.98.10.0/26;10.98.10.1
98;Ciudad de México;México;Grande;100;Servidores;172.16.98.0/24;172.16.98.1
99;Ciudad de México;México;Grande;10;Usuarios / Empleados;10.99.0.0/22;10.99.0.1
99;Ciudad de México;México;Grande;20;Impresoras y dispositivos periféricos;10.99.4.0/24;10.99.4.1
99;Ciudad de México;México;Grande;30;VoIP / Telefonía IP;10.99.5.0/24;10.99.5.1
99;Ciudad de México;México;Grande;40;Wi-Fi invitados aislada;10.99.6.0/23;10.99.6.1
99;Ciudad de México;México;Grande;50;Wi-Fi corporativa;10.99.8.0/23;10.99.8.1
99;Ciudad de México;México;Grande;99;Administración de dispositivos;10.99.10.0/26;10.99.10.1
99;Ciudad de México;México;Grande;100;Servidores;172.16.99.0/24;172.16.99.1
100;Ciudad de México;México;Grande;10;Usuarios / Empleados;10.100.0.0/22;10.100.0.1
100;Ciudad de México;México;Grande;20;Impresoras y dispositivos periféricos;10.100.4.0/24;10.100.4.1
100;Ciudad de México;México;Grande;30;VoIP / Telefonía IP;10.100.5.0/24;10.100.5.1
100;Ciudad de México;México;Grande;40;Wi-Fi invitados aislada;10.100.6.0/23;10.100.6.1
100;Ciudad de México;México;Grande;50;Wi-Fi corporativa;10.100.8.0/23;10.100.8.1
100;Ciudad de México;México;Grande;99;Administración de dispositivos;10.100.10.0/26;10.100.10.1
100;Ciudad de México;México;Grande;100;Servidores;172.16.100.0/24;172.16.100.1
101;Ciudad de México;México;Grande;10;Usuarios / Empleados;10.101.0.0/22;10.101.0.1
101;Ciudad de México;México;Grande;20;Impresoras y dispositivos periféricos;10.101.4.0/24;10.101.4.1
101;Ciudad de México;México;Grande;30;VoIP / Telefonía IP;10.101.5.0/24;10.101.5.1
101;Ciudad de México;México;Grande;40;Wi-Fi invitados aislada;10.101.6.0/23;10.101.6.1
101;Ciudad de México;México;Grande;50;Wi-Fi corporativa;10.101.8.0/23;10.101.8.1
101;Ciudad de México;México;Grande;99;Administración de dispositivos;10.101.10.0/26;10.101.10.1
101;Ciudad de México;México;Grande;100;Servidores;172.16.101.0/24;172.16.101.1
102;Ciudad de México;México;Grande;10;Usuarios / Empleados;10.102.0.0/22;10.102.0.1
102;Ciudad de México;México;Grande;20;Impresoras y dispositivos periféricos;10.102.4.0/24;10.102.4.1
102;Ciudad de México;México;Grande;30;VoIP / Telefonía IP;10.102.5.0/24;10.102.5.1
102;Ciudad de México;México;Grande;40;Wi-Fi invitados aislada;10.102.6.0/23;10.102.6.1
102;Ciudad de México;México;Grande;50;Wi-Fi corporativa;10.102.8.0/23;10.102.8.1
102;Ciudad de México;México;Grande;99;Administración de dispositivos;10.102.10.0/26;10.102.10.1
102;Ciudad de México;México;Grande;100;Servidores;172.16.102.0/24;172.16.102.1
103;Ciudad de México;México;Grande;10;Usuarios / Empleados;10.103.0.0/22;10.103.0.1
103;Ciudad de México;México;Grande;20;Impresoras y dispositivos periféricos;10.103.4.0/24;10.103.4.1
103;Ciudad de México;México;Grande;30;VoIP / Telefonía IP;10.103.5.0/24;10.103.5.1
103;Ciudad de México;México;Grande;40;Wi-Fi invitados aislada;10.103.6.0/23;10.103.6.1
103;Ciudad de México;México;Grande;50;Wi-Fi corporativa;10.103.8.0/23;10.103.8.1
103;Ciudad de México;México;Grande;99;Administración de dispositivos;10.103.10.0/26;10.103.10.1
103;Ciudad de México;México;Grande;100;Servidores;172.16.103.0/24;172.16.103.1
104;Ciudad de México;México;Grande;10;Usuarios / Empleados;10.104.0.0/22;10.104.0.1
104;Ciudad de México;México;Grande;20;Impresoras y dispositivos periféricos;10.104.4.0/24;10.104.4.1
104;Ciudad de México;México;Grande;30;VoIP / Telefonía IP;10.104.5.0/24;10.104.5.1
104;Ciudad de México;México;Grande;40;Wi-Fi invitados aislada;10.104.6.0/23;10.104.6.1
104;Ciudad de México;México;Grande;50;Wi-Fi corporativa;10.104.8.0/23;10.104.8.1
104;Ciudad de México;México;Grande;99;Administración de dispositivos;10.104.10.0/26;10.104.10.1
104;Ciudad de México;México;Grande;100;Servidores;172.16.104.0/24;172.16.104.1
105;Ciudad de México;México;Grande;10;Usuarios / Empleados;10.105.0.0/22;10.105.0.1
105;Ciudad de México;México;Grande;20;Impresoras y dispositivos periféricos;10.105.4.0/24;10.105.4.1
105;Ciudad de México;México;Grande;30;VoIP / Telefonía IP;10.105.5.0/24;10.105.5.1
105;Ciudad de México;México;Grande;40;Wi-Fi invitados aislada;10.105.6.0/23;10.105.6.1
105;Ciudad de México;México;Grande;50;Wi-Fi corporativa;10.105.8.0/23;10.105.8.1
105;Ciudad de México;México;Grande;99;Administración de dispositivos;10.105.10.0/26;10.105.10.1
105;Ciudad de México;México;Grande;100;Servidores;172.16.105.0/24;172.16.105.1
106;Ciudad de México;México;Grande;10;Usuarios / Empleados;10.106.0.0/22;10.106.0.1
106;Ciudad de México;México;Grande;20;Impresoras y dispositivos periféricos;10.106.4.0/24;10.106.4.1
106;Ciudad de México;México;Grande;30;VoIP / Telefonía IP;10.106.5.0/24;10.106.5.1
106;Ciudad de México;México;Grande;40;Wi-Fi invitados aislada;10.106.6.0/23;10.106.6.1
106;Ciudad de México;México;Grande;50;Wi-Fi corporativa;10.106.8.0/23;10.106.8.1
106;Ciudad de México;México;Grande;99;Administración de dispositivos;10.106.10.0/26;10.106.10.1
106;Ciudad de México;México;Grande;100;Servidores;172.16.106.0/24;172.16.106.1
107;Ciudad de México;México;Grande;10;Usuarios / Empleados;10.107.0.0/22;10.107.0.1
107;Ciudad de México;México;Grande;20;Impresoras y dispositivos periféricos;10.107.4.0/24;10.107.4.1
107;Ciudad de México;México;Grande;30;VoIP / Telefonía IP;10.107.5.0/24;10.107.5.1
107;Ciudad de México;México;Grande;40;Wi-Fi invitados aislada;10.107.6.0/23;10.107.6.1
107;Ciudad de México;México;Grande;50;Wi-Fi corporativa;10.107.8.0/23;10.107.8.1
107;Ciudad de México;México;Grande;99;Administración de dispositivos;10.107.10.0/26;10.107.10.1
107;Ciudad de México;México;Grande;100;Servidores;172.16.107.0/24;172.16.107.1
108;Ciudad de México;México;Grande;10;Usuarios / Empleados;10.108.0.0/22;10.108.0.1
108;Ciudad de México;México;Grande;20;Impresoras y dispositivos periféricos;10.108.4.0/24;10.108.4.1
108;Ciudad de México;México;Grande;30;VoIP / Telefonía IP;10.108.5.0/24;10.108.5.1
108;Ciudad de México;México;Grande;40;Wi-Fi invitados aislada;10.108.6.0/23;10.108.6.1
108;Ciudad de México;México;Grande;50;Wi-Fi corporativa;10.108.8.0/23;10.108.8.1
108;Ciudad de México;México;Grande;99;Administración de dispositivos;10.108.10.0/26;10.108.10.1
108;Ciudad de México;México;Grande;100;Servidores;172.16.108.0/24;172.16.108.1
109;Ciudad de México;México;Grande;10;Usuarios / Empleados;10.109.0.0/22;10.109.0.1
109;Ciudad de México;México;Grande;20;Impresoras y dispositivos periféricos;10.109.4.0/24;10.109.4.1
109;Ciudad de México;México;Grande;30;VoIP / Telefonía IP;10.109.5.0/24;10.109.5.1
109;Ciudad de México;México;Grande;40;Wi-Fi invitados aislada;10.109.6.0/23;10.109.6.1
109;Ciudad de México;México;Grande;50;Wi-Fi corporativa;10.109.8.0/23;10.109.8.1
109;Ciudad de México;México;Grande;99;Administración de dispositivos;10.109.10.0/26;10.109.10.1
109;Ciudad de México;México;Grande;100;Servidores;172.16.109.0/24;172.16.109.1
110;Tijuana;México;Mediana;10;Usuarios / Empleados;10.110.0.0/23;10.110.0.1
110;Tijuana;México;Mediana;20;Impresoras y dispositivos periféricos;10.110.2.0/25;10.110.2.1
110;Tijuana;México;Mediana;30;VoIP / Telefonía IP;10.110.2.128/25;10.110.2.129
110;Tijuana;México;Mediana;40;Wi-Fi invitados aislada;10.110.3.0/24;10.110.3.1
110;Tijuana;México;Mediana;50;Wi-Fi corporativa;10.110.4.0/24;10.110.4.1
110;Tijuana;México;Mediana;99;Administración de dispositivos;10.110.5.0/27;10.110.5.1
110;Tijuana;México;Mediana;100;Servidores;172.16.110.0/25;172.16.110.1
111;Tijuana;México;Mediana;10;Usuarios / Empleados;10.111.0.0/23;10.111.0.1
111;Tijuana;México;Mediana;20;Impresoras y dispositivos periféricos;10.111.2.0/25;10.111.2.1
111;Tijuana;México;Mediana;30;VoIP / Telefonía IP;10.111.2.128/25;10.111.2.129
111;Tijuana;México;Mediana;40;Wi-Fi invitados aislada;10.111.3.0/24;10.111.3.1
111;Tijuana;México;Mediana;50;Wi-Fi corporativa;10.111.4.0/24;10.111.4.1
111;Tijuana;México;Mediana;99;Administración de dispositivos;10.111.5.0/27;10.111.5.1
111;Tijuana;México;Mediana;100;Servidores;172.16.111.0/25;172.16.111.1
112;Tijuana;México;Mediana;10;Usuarios / Empleados;10.112.0.0/23;10.112.0.1
112;Tijuana;México;Mediana;20;Impresoras y dispositivos periféricos;10.112.2.0/25;10.112.2.1
112;Tijuana;México;Mediana;30;VoIP / Telefonía IP;10.112.2.128/25;10.112.2.129
112;Tijuana;México;Mediana;40;Wi-Fi invitados aislada;10.112.3.0/24;10.112.3.1
112;Tijuana;México;Mediana;50;Wi-Fi corporativa;10.112.4.0/24;10.112.4.1
112;Tijuana;México;Mediana;99;Administración de dispositivos;10.112.5.0/27;10.112.5.1
112;Tijuana;México;Mediana;100;Servidores;172.16.112.0/25;172.16.112.1
113;Tijuana;México;Mediana;10;Usuarios / Empleados;10.113.0.0/23;10.113.0.1
113;Tijuana;México;Mediana;20;Impresoras y dispositivos periféricos;10.113.2.0/25;10.113.2.1
113;Tijuana;México;Mediana;30;VoIP / Telefonía IP;10.113.2.128/25;10.113.2.129
113;Tijuana;México;Mediana;40;Wi-Fi invitados aislada;10.113.3.0/24;10.113.3.1
113;Tijuana;México;Mediana;50;Wi-Fi corporativa;10.113.4.0/24;10.113.4.1
113;Tijuana;México;Mediana;99;Administración de dispositivos;10.113.5.0/27;10.113.5.1
113;Tijuana;México;Mediana;100;Servidores;172.16.113.0/25;172.16.113.1
114;Tijuana;México;Mediana;10;Usuarios / Empleados;10.114.0.0/23;10.114.0.1
114;Tijuana;México;Mediana;20;Impresoras y dispositivos periféricos;10.114.2.0/25;10.114.2.1
114;Tijuana;México;Mediana;30;VoIP / Telefonía IP;10.114.2.128/25;10.114.2.129
114;Tijuana;México;Mediana;40;Wi-Fi invitados aislada;10.114.3.0/24;10.114.3.1
114;Tijuana;México;Mediana;50;Wi-Fi corporativa;10.114.4.0/24;10.114.4.1
114;Tijuana;México;Mediana;99;Administración de dispositivos;10.114.5.0/27;10.114.5.1
114;Tijuana;México;Mediana;100;Servidores;172.16.114.0/25;172.16.114.1
115;Bogotá;Colombia;Grande;10;Usuarios / Empleados;10.115.0.0/22;10.115.0.1
115;Bogotá;Colombia;Grande;20;Impresoras y dispositivos periféricos;10.115.4.0/24;10.115.4.1
115;Bogotá;Colombia;Grande;30;VoIP / Telefonía IP;10.115.5.0/24;10.115.5.1
115;Bogotá;Colombia;Grande;40;Wi-Fi invitados aislada;10.115.6.0/23;10.115.6.1
115;Bogotá;Colombia;Grande;50;Wi-Fi corporativa;10.115.8.0/23;10.115.8.1
115;Bogotá;Colombia;Grande;99;Administración de dispositivos;10.115.10.0/26;10.115.10.1
115;Bogotá;Colombia;Grande;100;Servidores;172.16.115.0/24;172.16.115.1
116;Bogotá;Colombia;Grande;10;Usuarios / Empleados;10.116.0.0/22;10.116.0.1
116;Bogotá;Colombia;Grande;20;Impresoras y dispositivos periféricos;10.116.4.0/24;10.116.4.1
116;Bogotá;Colombia;Grande;30;VoIP / Telefonía IP;10.116.5.0/24;10.116.5.1
116;Bogotá;Colombia;Grande;40;Wi-Fi invitados aislada;10.116.6.0/23;10.116.6.1
116;Bogotá;Colombia;Grande;50;Wi-Fi corporativa;10.116.8.0/23;10.116.8.1
116;Bogotá;Colombia;Grande;99;Administración de dispositivos;10.116.10.0/26;10.116.10.1
116;Bogotá;Colombia;Grande;100;Servidores;172.16.116.0/24;172.16.116.1
117;Bogotá;Colombia;Grande;10;Usuarios / Empleados;10.117.0.0/22;10.117.0.1
117;Bogotá;Colombia;Grande;20;Impresoras y dispositivos periféricos;10.117.4.0/24;10.117.4.1
117;Bogotá;Colombia;Grande;30;VoIP / Telefonía IP;10.117.5.0/24;10.117.5.1
117;Bogotá;Colombia;Grande;40;Wi-Fi invitados aislada;10.117.6.0/23;10.117.6.1
117;Bogotá;Colombia;Grande;50;Wi-Fi corporativa;10.117.8.0/23;10.117.8.1
117;Bogotá;Colombia;Grande;99;Administración de dispositivos;10.117.10.0/26;10.117.10.1
117;Bogotá;Colombia;Grande;100;Servidores;172.16.117.0/24;172.16.117.1
118;Bogotá;Colombia;Grande;10;Usuarios / Empleados;10.118.0.0/22;10.118.0.1
118;Bogotá;Colombia;Grande;20;Impresoras y dispositivos periféricos;10.118.4.0/24;10.118.4.1
118;Bogotá;Colombia;Grande;30;VoIP / Telefonía IP;10.118.5.0/24;10.118.5.1
118;Bogotá;Colombia;Grande;40;Wi-Fi invitados aislada;10.118.6.0/23;10.118.6.1
118;Bogotá;Colombia;Grande;50;Wi-Fi corporativa;10.118.8.0/23;10.118.8.1
118;Bogotá;Colombia;Grande;99;Administración de dispositivos;10.118.10.0/26;10.118.10.1
118;Bogotá;Colombia;Grande;100;Servidores;172.16.118.0/24;172.16.118.1
119;Bogotá;Colombia;Grande;10;Usuarios / Empleados;10.119.0.0/22;10.119.0.1
119;Bogotá;Colombia;Grande;20;Impresoras y dispositivos periféricos;10.119.4.0/24;10.119.4.1
119;Bogotá;Colombia;Grande;30;VoIP / Telefonía IP;10.119.5.0/24;10.119.5.1
119;Bogotá;Colombia;Grande;40;Wi-Fi invitados aislada;10.119.6.0/23;10.119.6.1
119;Bogotá;Colombia;Grande;50;Wi-Fi corporativa;10.119.8.0/23;10.119.8.1
119;Bogotá;Colombia;Grande;99;Administración de dispositivos;10.119.10.0/26;10.119.10.1
119;Bogotá;Colombia;Grande;100;Servidores;172.16.119.0/24;172.16.119.1
120;Bogotá;Colombia;Grande;10;Usuarios / Empleados;10.120.0.0/22;10.120.0.1
120;Bogotá;Colombia;Grande;20;Impresoras y dispositivos periféricos;10.120.4.0/24;10.120.4.1
120;Bogotá;Colombia;Grande;30;VoIP / Telefonía IP;10.120.5.0/24;10.120.5.1
120;Bogotá;Colombia;Grande;40;Wi-Fi invitados aislada;10.120.6.0/23;10.120.6.1
120;Bogotá;Colombia;Grande;50;Wi-Fi corporativa;10.120.8.0/23;10.120.8.1
120;Bogotá;Colombia;Grande;99;Administración de dispositivos;10.120.10.0/26;10.120.10.1
120;Bogotá;Colombia;Grande;100;Servidores;172.16.120.0/24;172.16.120.1
121;Bogotá;Colombia;Grande;10;Usuarios / Empleados;10.121.0.0/22;10.121.0.1
121;Bogotá;Colombia;Grande;20;Impresoras y dispositivos periféricos;10.121.4.0/24;10.121.4.1
121;Bogotá;Colombia;Grande;30;VoIP / Telefonía IP;10.121.5.0/24;10.121.5.1
121;Bogotá;Colombia;Grande;40;Wi-Fi invitados aislada;10.121.6.0/23;10.121.6.1
121;Bogotá;Colombia;Grande;50;Wi-Fi corporativa;10.121.8.0/23;10.121.8.1
121;Bogotá;Colombia;Grande;99;Administración de dispositivos;10.121.10.0/26;10.121.10.1
121;Bogotá;Colombia;Grande;100;Servidores;172.16.121.0/24;172.16.121.1
122;Bogotá;Colombia;Grande;10;Usuarios / Empleados;10.122.0.0/22;10.122.0.1
122;Bogotá;Colombia;Grande;20;Impresoras y dispositivos periféricos;10.122.4.0/24;10.122.4.1
122;Bogotá;Colombia;Grande;30;VoIP / Telefonía IP;10.122.5.0/24;10.122.5.1
122;Bogotá;Colombia;Grande;40;Wi-Fi invitados aislada;10.122.6.0/23;10.122.6.1
122;Bogotá;Colombia;Grande;50;Wi-Fi corporativa;10.122.8.0/23;10.122.8.1
122;Bogotá;Colombia;Grande;99;Administración de dispositivos;10.122.10.0/26;10.122.10.1
122;Bogotá;Colombia;Grande;100;Servidores;172.16.122.0/24;172.16.122.1
123;Bogotá;Colombia;Grande;10;Usuarios / Empleados;10.123.0.0/22;10.123.0.1
123;Bogotá;Colombia;Grande;20;Impresoras y dispositivos periféricos;10.123.4.0/24;10.123.4.1
123;Bogotá;Colombia;Grande;30;VoIP / Telefonía IP;10.123.5.0/24;10.123.5.1
123;Bogotá;Colombia;Grande;40;Wi-Fi invitados aislada;10.123.6.0/23;10.123.6.1
123;Bogotá;Colombia;Grande;50;Wi-Fi corporativa;10.123.8.0/23;10.123.8.1
123;Bogotá;Colombia;Grande;99;Administración de dispositivos;10.123.10.0/26;10.123.10.1
123;Bogotá;Colombia;Grande;100;Servidores;172.16.123.0/24;172.16.123.1
124;Bogotá;Colombia;Grande;10;Usuarios / Empleados;10.124.0.0/22;10.124.0.1
124;Bogotá;Colombia;Grande;20;Impresoras y dispositivos periféricos;10.124.4.0/24;10.124.4.1
124;Bogotá;Colombia;Grande;30;VoIP / Telefonía IP;10.124.5.0/24;10.124.5.1
124;Bogotá;Colombia;Grande;40;Wi-Fi invitados aislada;10.124.6.0/23;10.124.6.1
124;Bogotá;Colombia;Grande;50;Wi-Fi corporativa;10.124.8.0/23;10.124.8.1
124;Bogotá;Colombia;Grande;99;Administración de dispositivos;10.124.10.0/26;10.124.10.1
124;Bogotá;Colombia;Grande;100;Servidores;172.16.124.0/24;172.16.124.1
125;Bogotá;Colombia;Grande;10;Usuarios / Empleados;10.125.0.0/22;10.125.0.1
125;Bogotá;Colombia;Grande;20;Impresoras y dispositivos periféricos;10.125.4.0/24;10.125.4.1
125;Bogotá;Colombia;Grande;30;VoIP / Telefonía IP;10.125.5.0/24;10.125.5.1
125;Bogotá;Colombia;Grande;40;Wi-Fi invitados aislada;10.125.6.0/23;10.125.6.1
125;Bogotá;Colombia;Grande;50;Wi-Fi corporativa;10.125.8.0/23;10.125.8.1
125;Bogotá;Colombia;Grande;99;Administración de dispositivos;10.125.10.0/26;10.125.10.1
125;Bogotá;Colombia;Grande;100;Servidores;172.16.125.0/24;172.16.125.1
126;Bogotá;Colombia;Grande;10;Usuarios / Empleados;10.126.0.0/22;10.126.0.1
126;Bogotá;Colombia;Grande;20;Impresoras y dispositivos periféricos;10.126.4.0/24;10.126.4.1
126;Bogotá;Colombia;Grande;30;VoIP / Telefonía IP;10.126.5.0/24;10.126.5.1
126;Bogotá;Colombia;Grande;40;Wi-Fi invitados aislada;10.126.6.0/23;10.126.6.1
126;Bogotá;Colombia;Grande;50;Wi-Fi corporativa;10.126.8.0/23;10.126.8.1
126;Bogotá;Colombia;Grande;99;Administración de dispositivos;10.126.10.0/26;10.126.10.1
126;Bogotá;Colombia;Grande;100;Servidores;172.16.126.0/24;172.16.126.1
127;Bogotá;Colombia;Grande;10;Usuarios / Empleados;10.127.0.0/22;10.127.0.1
127;Bogotá;Colombia;Grande;20;Impresoras y dispositivos periféricos;10.127.4.0/24;10.127.4.1
127;Bogotá;Colombia;Grande;30;VoIP / Telefonía IP;10.127.5.0/24;10.127.5.1
127;Bogotá;Colombia;Grande;40;Wi-Fi invitados aislada;10.127.6.0/23;10.127.6.1
127;Bogotá;Colombia;Grande;50;Wi-Fi corporativa;10.127.8.0/23;10.127.8.1
127;Bogotá;Colombia;Grande;99;Administración de dispositivos;10.127.10.0/26;10.127.10.1
127;Bogotá;Colombia;Grande;100;Servidores;172.16.127.0/24;172.16.127.1
128;Bogotá;Colombia;Grande;10;Usuarios / Empleados;10.128.0.0/22;10.128.0.1
128;Bogotá;Colombia;Grande;20;Impresoras y dispositivos periféricos;10.128.4.0/24;10.128.4.1
128;Bogotá;Colombia;Grande;30;VoIP / Telefonía IP;10.128.5.0/24;10.128.5.1
128;Bogotá;Colombia;Grande;40;Wi-Fi invitados aislada;10.128.6.0/23;10.128.6.1
128;Bogotá;Colombia;Grande;50;Wi-Fi corporativa;10.128.8.0/23;10.128.8.1
128;Bogotá;Colombia;Grande;99;Administración de dispositivos;10.128.10.0/26;10.128.10.1
128;Bogotá;Colombia;Grande;100;Servidores;172.16.128.0/24;172.16.128.1
129;Bogotá;Colombia;Grande;10;Usuarios / Empleados;10.129.0.0/22;10.129.0.1
129;Bogotá;Colombia;Grande;20;Impresoras y dispositivos periféricos;10.129.4.0/24;10.129.4.1
129;Bogotá;Colombia;Grande;30;VoIP / Telefonía IP;10.129.5.0/24;10.129.5.1
129;Bogotá;Colombia;Grande;40;Wi-Fi invitados aislada;10.129.6.0/23;10.129.6.1
129;Bogotá;Colombia;Grande;50;Wi-Fi corporativa;10.129.8.0/23;10.129.8.1
129;Bogotá;Colombia;Grande;99;Administración de dispositivos;10.129.10.0/26;10.129.10.1
129;Bogotá;Colombia;Grande;100;Servidores;172.16.129.0/24;172.16.129.1
130;Bogotá;Colombia;Grande;10;Usuarios / Empleados;10.130.0.0/22;10.130.0.1
130;Bogotá;Colombia;Grande;20;Impresoras y dispositivos periféricos;10.130.4.0/24;10.130.4.1
130;Bogotá;Colombia;Grande;30;VoIP / Telefonía IP;10.130.5.0/24;10.130.5.1
130;Bogotá;Colombia;Grande;40;Wi-Fi invitados aislada;10.130.6.0/23;10.130.6.1
130;Bogotá;Colombia;Grande;50;Wi-Fi corporativa;10.130.8.0/23;10.130.8.1
130;Bogotá;Colombia;Grande;99;Administración de dispositivos;10.130.10.0/26;10.130.10.1
130;Bogotá;Colombia;Grande;100;Servidores;172.16.130.0/24;172.16.130.1
131;Bogotá;Colombia;Grande;10;Usuarios / Empleados;10.131.0.0/22;10.131.0.1
131;Bogotá;Colombia;Grande;20;Impresoras y dispositivos periféricos;10.131.4.0/24;10.131.4.1
131;Bogotá;Colombia;Grande;30;VoIP / Telefonía IP;10.131.5.0/24;10.131.5.1
131;Bogotá;Colombia;Grande;40;Wi-Fi invitados aislada;10.131.6.0/23;10.131.6.1
131;Bogotá;Colombia;Grande;50;Wi-Fi corporativa;10.131.8.0/23;10.131.8.1
131;Bogotá;Colombia;Grande;99;Administración de dispositivos;10.131.10.0/26;10.131.10.1
131;Bogotá;Colombia;Grande;100;Servidores;172.16.131.0/24;172.16.131.1
132;Bogotá;Colombia;Grande;10;Usuarios / Empleados;10.132.0.0/22;10.132.0.1
132;Bogotá;Colombia;Grande;20;Impresoras y dispositivos periféricos;10.132.4.0/24;10.132.4.1
132;Bogotá;Colombia;Grande;30;VoIP / Telefonía IP;10.132.5.0/24;10.132.5.1
132;Bogotá;Colombia;Grande;40;Wi-Fi invitados aislada;10.132.6.0/23;10.132.6.1
132;Bogotá;Colombia;Grande;50;Wi-Fi corporativa;10.132.8.0/23;10.132.8.1
132;Bogotá;Colombia;Grande;99;Administración de dispositivos;10.132.10.0/26;10.132.10.1
132;Bogotá;Colombia;Grande;100;Servidores;172.16.132.0/24;172.16.132.1
133;Bogotá;Colombia;Grande;10;Usuarios / Empleados;10.133.0.0/22;10.133.0.1
133;Bogotá;Colombia;Grande;20;Impresoras y dispositivos periféricos;10.133.4.0/24;10.133.4.1
133;Bogotá;Colombia;Grande;30;VoIP / Telefonía IP;10.133.5.0/24;10.133.5.1
133;Bogotá;Colombia;Grande;40;Wi-Fi invitados aislada;10.133.6.0/23;10.133.6.1
133;Bogotá;Colombia;Grande;50;Wi-Fi corporativa;10.133.8.0/23;10.133.8.1
133;Bogotá;Colombia;Grande;99;Administración de dispositivos;10.133.10.0/26;10.133.10.1
133;Bogotá;Colombia;Grande;100;Servidores;172.16.133.0/24;172.16.133.1
134;Bogotá;Colombia;Grande;10;Usuarios / Empleados;10.134.0.0/22;10.134.0.1
134;Bogotá;Colombia;Grande;20;Impresoras y dispositivos periféricos;10.134.4.0/24;10.134.4.1
134;Bogotá;Colombia;Grande;30;VoIP / Telefonía IP;10.134.5.0/24;10.134.5.1
134;Bogotá;Colombia;Grande;40;Wi-Fi invitados aislada;10.134.6.0/23;10.134.6.1
134;Bogotá;Colombia;Grande;50;Wi-Fi corporativa;10.134.8.0/23;10.134.8.1
134;Bogotá;Colombia;Grande;99;Administración de dispositivos;10.134.10.0/26;10.134.10.1
134;Bogotá;Colombia;Grande;100;Servidores;172.16.134.0/24;172.16.134.1
135;Medellín;Colombia;Mediana;10;Usuarios / Empleados;10.135.0.0/23;10.135.0.1
135;Medellín;Colombia;Mediana;20;Impresoras y dispositivos periféricos;10.135.2.0/25;10.135.2.1
135;Medellín;Colombia;Mediana;30;VoIP / Telefonía IP;10.135.2.128/25;10.135.2.129
135;Medellín;Colombia;Mediana;40;Wi-Fi invitados aislada;10.135.3.0/24;10.135.3.1
135;Medellín;Colombia;Mediana;50;Wi-Fi corporativa;10.135.4.0/24;10.135.4.1
135;Medellín;Colombia;Mediana;99;Administración de dispositivos;10.135.5.0/27;10.135.5.1
135;Medellín;Colombia;Mediana;100;Servidores;172.16.135.0/25;172.16.135.1
136;Medellín;Colombia;Mediana;10;Usuarios / Empleados;10.136.0.0/23;10.136.0.1
136;Medellín;Colombia;Mediana;20;Impresoras y dispositivos periféricos;10.136.2.0/25;10.136.2.1
136;Medellín;Colombia;Mediana;30;VoIP / Telefonía IP;10.136.2.128/25;10.136.2.129
136;Medellín;Colombia;Mediana;40;Wi-Fi invitados aislada;10.136.3.0/24;10.136.3.1
136;Medellín;Colombia;Mediana;50;Wi-Fi corporativa;10.136.4.0/24;10.136.4.1
136;Medellín;Colombia;Mediana;99;Administración de dispositivos;10.136.5.0/27;10.136.5.1
136;Medellín;Colombia;Mediana;100;Servidores;172.16.136.0/25;172.16.136.1
137;Medellín;Colombia;Mediana;10;Usuarios / Empleados;10.137.0.0/23;10.137.0.1
137;Medellín;Colombia;Mediana;20;Impresoras y dispositivos periféricos;10.137.2.0/25;10.137.2.1
137;Medellín;Colombia;Mediana;30;VoIP / Telefonía IP;10.137.2.128/25;10.137.2.129
137;Medellín;Colombia;Mediana;40;Wi-Fi invitados aislada;10.137.3.0/24;10.137.3.1
137;Medellín;Colombia;Mediana;50;Wi-Fi corporativa;10.137.4.0/24;10.137.4.1
137;Medellín;Colombia;Mediana;99;Administración de dispositivos;10.137.5.0/27;10.137.5.1
137;Medellín;Colombia;Mediana;100;Servidores;172.16.137.0/25;172.16.137.1
138;Medellín;Colombia;Mediana;10;Usuarios / Empleados;10.138.0.0/23;10.138.0.1
138;Medellín;Colombia;Mediana;20;Impresoras y dispositivos periféricos;10.138.2.0/25;10.138.2.1
138;Medellín;Colombia;Mediana;30;VoIP / Telefonía IP;10.138.2.128/25;10.138.2.129
138;Medellín;Colombia;Mediana;40;Wi-Fi invitados aislada;10.138.3.0/24;10.138.3.1
138;Medellín;Colombia;Mediana;50;Wi-Fi corporativa;10.138.4.0/24;10.138.4.1
138;Medellín;Colombia;Mediana;99;Administración de dispositivos;10.138.5.0/27;10.138.5.1
138;Medellín;Colombia;Mediana;100;Servidores;172.16.138.0/25;172.16.138.1
139;Medellín;Colombia;Mediana;10;Usuarios / Empleados;10.139.0.0/23;10.139.0.1
139;Medellín;Colombia;Mediana;20;Impresoras y dispositivos periféricos;10.139.2.0/25;10.139.2.1
139;Medellín;Colombia;Mediana;30;VoIP / Telefonía IP;10.139.2.128/25;10.139.2.129
139;Medellín;Colombia;Mediana;40;Wi-Fi invitados aislada;10.139.3.0/24;10.139.3.1
139;Medellín;Colombia;Mediana;50;Wi-Fi corporativa;10.139.4.0/24;10.139.4.1
139;Medellín;Colombia;Mediana;99;Administración de dispositivos;10.139.5.0/27;10.139.5.1
139;Medellín;Colombia;Mediana;100;Servidores;172.16.139.0/25;172.16.139.1
140;Medellín;Colombia;Mediana;10;Usuarios / Empleados;10.140.0.0/23;10.140.0.1
140;Medellín;Colombia;Mediana;20;Impresoras y dispositivos periféricos;10.140.2.0/25;10.140.2.1
140;Medellín;Colombia;Mediana;30;VoIP / Telefonía IP;10.140.2.128/25;10.140.2.129
140;Medellín;Colombia;Mediana;40;Wi-Fi invitados aislada;10.140.3.0/24;10.140.3.1
140;Medellín;Colombia;Mediana;50;Wi-Fi corporativa;10.140.4.0/24;10.140.4.1
140;Medellín;Colombia;Mediana;99;Administración de dispositivos;10.140.5.0/27;10.140.5.1
140;Medellín;Colombia;Mediana;100;Servidores;172.16.140.0/25;172.16.140.1
141;Cali;Colombia;Mediana;10;Usuarios / Empleados;10.141.0.0/23;10.141.0.1
141;Cali;Colombia;Mediana;20;Impresoras y dispositivos periféricos;10.141.2.0/25;10.141.2.1
141;Cali;Colombia;Mediana;30;VoIP / Telefonía IP;10.141.2.128/25;10.141.2.129
141;Cali;Colombia;Mediana;40;Wi-Fi invitados aislada;10.141.3.0/24;10.141.3.1
141;Cali;Colombia;Mediana;50;Wi-Fi corporativa;10.141.4.0/24;10.141.4.1
141;Cali;Colombia;Mediana;99;Administración de dispositivos;10.141.5.0/27;10.141.5.1
141;Cali;Colombia;Mediana;100;Servidores;172.16.141.0/25;172.16.141.1
142;Cali;Colombia;Mediana;10;Usuarios / Empleados;10.142.0.0/23;10.142.0.1
142;Cali;Colombia;Mediana;20;Impresoras y dispositivos periféricos;10.142.2.0/25;10.142.2.1
142;Cali;Colombia;Mediana;30;VoIP / Telefonía IP;10.142.2.128/25;10.142.2.129
142;Cali;Colombia;Mediana;40;Wi-Fi invitados aislada;10.142.3.0/24;10.142.3.1
142;Cali;Colombia;Mediana;50;Wi-Fi corporativa;10.142.4.0/24;10.142.4.1
142;Cali;Colombia;Mediana;99;Administración de dispositivos;10.142.5.0/27;10.142.5.1
142;Cali;Colombia;Mediana;100;Servidores;172.16.142.0/25;172.16.142.1
143;Cali;Colombia;Mediana;10;Usuarios / Empleados;10.143.0.0/23;10.143.0.1
143;Cali;Colombia;Mediana;20;Impresoras y dispositivos periféricos;10.143.2.0/25;10.143.2.1
143;Cali;Colombia;Mediana;30;VoIP / Telefonía IP;10.143.2.128/25;10.143.2.129
143;Cali;Colombia;Mediana;40;Wi-Fi invitados aislada;10.143.3.0/24;10.143.3.1
143;Cali;Colombia;Mediana;50;Wi-Fi corporativa;10.143.4.0/24;10.143.4.1
143;Cali;Colombia;Mediana;99;Administración de dispositivos;10.143.5.0/27;10.143.5.1
143;Cali;Colombia;Mediana;100;Servidores;172.16.143.0/25;172.16.143.1
144;Cali;Colombia;Mediana;10;Usuarios / Empleados;10.144.0.0/23;10.144.0.1
144;Cali;Colombia;Mediana;20;Impresoras y dispositivos periféricos;10.144.2.0/25;10.144.2.1
144;Cali;Colombia;Mediana;30;VoIP / Telefonía IP;10.144.2.128/25;10.144.2.129
144;Cali;Colombia;Mediana;40;Wi-Fi invitados aislada;10.144.3.0/24;10.144.3.1
144;Cali;Colombia;Mediana;50;Wi-Fi corporativa;10.144.4.0/24;10.144.4.1
144;Cali;Colombia;Mediana;99;Administración de dispositivos;10.144.5.0/27;10.144.5.1
144;Cali;Colombia;Mediana;100;Servidores;172.16.144.0/25;172.16.144.1
145;Cali;Colombia;Mediana;10;Usuarios / Empleados;10.145.0.0/23;10.145.0.1
145;Cali;Colombia;Mediana;20;Impresoras y dispositivos periféricos;10.145.2.0/25;10.145.2.1
145;Cali;Colombia;Mediana;30;VoIP / Telefonía IP;10.145.2.128/25;10.145.2.129
145;Cali;Colombia;Mediana;40;Wi-Fi invitados aislada;10.145.3.0/24;10.145.3.1
145;Cali;Colombia;Mediana;50;Wi-Fi corporativa;10.145.4.0/24;10.145.4.1
145;Cali;Colombia;Mediana;99;Administración de dispositivos;10.145.5.0/27;10.145.5.1
145;Cali;Colombia;Mediana;100;Servidores;172.16.145.0/25;172.16.145.1
146;Cali;Colombia;Mediana;10;Usuarios / Empleados;10.146.0.0/23;10.146.0.1
146;Cali;Colombia;Mediana;20;Impresoras y dispositivos periféricos;10.146.2.0/25;10.146.2.1
146;Cali;Colombia;Mediana;30;VoIP / Telefonía IP;10.146.2.128/25;10.146.2.129
146;Cali;Colombia;Mediana;40;Wi-Fi invitados aislada;10.146.3.0/24;10.146.3.1
146;Cali;Colombia;Mediana;50;Wi-Fi corporativa;10.146.4.0/24;10.146.4.1
146;Cali;Colombia;Mediana;99;Administración de dispositivos;10.146.5.0/27;10.146.5.1
146;Cali;Colombia;Mediana;100;Servidores;172.16.146.0/25;172.16.146.1
147;Quito;Ecuador;Mediana;10;Usuarios / Empleados;10.147.0.0/23;10.147.0.1
147;Quito;Ecuador;Mediana;20;Impresoras y dispositivos periféricos;10.147.2.0/25;10.147.2.1
147;Quito;Ecuador;Mediana;30;VoIP / Telefonía IP;10.147.2.128/25;10.147.2.129
147;Quito;Ecuador;Mediana;40;Wi-Fi invitados aislada;10.147.3.0/24;10.147.3.1
147;Quito;Ecuador;Mediana;50;Wi-Fi corporativa;10.147.4.0/24;10.147.4.1
147;Quito;Ecuador;Mediana;99;Administración de dispositivos;10.147.5.0/27;10.147.5.1
147;Quito;Ecuador;Mediana;100;Servidores;172.16.147.0/25;172.16.147.1
148;Quito;Ecuador;Mediana;10;Usuarios / Empleados;10.148.0.0/23;10.148.0.1
148;Quito;Ecuador;Mediana;20;Impresoras y dispositivos periféricos;10.148.2.0/25;10.148.2.1
148;Quito;Ecuador;Mediana;30;VoIP / Telefonía IP;10.148.2.128/25;10.148.2.129
148;Quito;Ecuador;Mediana;40;Wi-Fi invitados aislada;10.148.3.0/24;10.148.3.1
148;Quito;Ecuador;Mediana;50;Wi-Fi corporativa;10.148.4.0/24;10.148.4.1
148;Quito;Ecuador;Mediana;99;Administración de dispositivos;10.148.5.0/27;10.148.5.1
148;Quito;Ecuador;Mediana;100;Servidores;172.16.148.0/25;172.16.148.1
149;Quito;Ecuador;Mediana;10;Usuarios / Empleados;10.149.0.0/23;10.149.0.1
149;Quito;Ecuador;Mediana;20;Impresoras y dispositivos periféricos;10.149.2.0/25;10.149.2.1
149;Quito;Ecuador;Mediana;30;VoIP / Telefonía IP;10.149.2.128/25;10.149.2.129
149;Quito;Ecuador;Mediana;40;Wi-Fi invitados aislada;10.149.3.0/24;10.149.3.1
149;Quito;Ecuador;Mediana;50;Wi-Fi corporativa;10.149.4.0/24;10.149.4.1
149;Quito;Ecuador;Mediana;99;Administración de dispositivos;10.149.5.0/27;10.149.5.1
149;Quito;Ecuador;Mediana;100;Servidores;172.16.149.0/25;172.16.149.1
150;Quito;Ecuador;Mediana;10;Usuarios / Empleados;10.150.0.0/23;10.150.0.1
150;Quito;Ecuador;Mediana;20;Impresoras y dispositivos periféricos;10.150.2.0/25;10.150.2.1
150;Quito;Ecuador;Mediana;30;VoIP / Telefonía IP;10.150.2.128/25;10.150.2.129
150;Quito;Ecuador;Mediana;40;Wi-Fi invitados aislada;10.150.3.0/24;10.150.3.1
150;Quito;Ecuador;Mediana;50;Wi-Fi corporativa;10.150.4.0/24;10.150.4.1
150;Quito;Ecuador;Mediana;99;Administración de dispositivos;10.150.5.0/27;10.150.5.1
150;Quito;Ecuador;Mediana;100;Servidores;172.16.150.0/25;172.16.150.1
151;Quito;Ecuador;Mediana;10;Usuarios / Empleados;10.151.0.0/23;10.151.0.1
151;Quito;Ecuador;Mediana;20;Impresoras y dispositivos periféricos;10.151.2.0/25;10.151.2.1
151;Quito;Ecuador;Mediana;30;VoIP / Telefonía IP;10.151.2.128/25;10.151.2.129
151;Quito;Ecuador;Mediana;40;Wi-Fi invitados aislada;10.151.3.0/24;10.151.3.1
151;Quito;Ecuador;Mediana;50;Wi-Fi corporativa;10.151.4.0/24;10.151.4.1
151;Quito;Ecuador;Mediana;99;Administración de dispositivos;10.151.5.0/27;10.151.5.1
151;Quito;Ecuador;Mediana;100;Servidores;172.16.151.0/25;172.16.151.1
152;Quito;Ecuador;Mediana;10;Usuarios / Empleados;10.152.0.0/23;10.152.0.1
152;Quito;Ecuador;Mediana;20;Impresoras y dispositivos periféricos;10.152.2.0/25;10.152.2.1
152;Quito;Ecuador;Mediana;30;VoIP / Telefonía IP;10.152.2.128/25;10.152.2.129
152;Quito;Ecuador;Mediana;40;Wi-Fi invitados aislada;10.152.3.0/24;10.152.3.1
152;Quito;Ecuador;Mediana;50;Wi-Fi corporativa;10.152.4.0/24;10.152.4.1
152;Quito;Ecuador;Mediana;99;Administración de dispositivos;10.152.5.0/27;10.152.5.1
152;Quito;Ecuador;Mediana;100;Servidores;172.16.152.0/25;172.16.152.1
153;Quito;Ecuador;Mediana;10;Usuarios / Empleados;10.153.0.0/23;10.153.0.1
153;Quito;Ecuador;Mediana;20;Impresoras y dispositivos periféricos;10.153.2.0/25;10.153.2.1
153;Quito;Ecuador;Mediana;30;VoIP / Telefonía IP;10.153.2.128/25;10.153.2.129
153;Quito;Ecuador;Mediana;40;Wi-Fi invitados aislada;10.153.3.0/24;10.153.3.1
153;Quito;Ecuador;Mediana;50;Wi-Fi corporativa;10.153.4.0/24;10.153.4.1
153;Quito;Ecuador;Mediana;99;Administración de dispositivos;10.153.5.0/27;10.153.5.1
153;Quito;Ecuador;Mediana;100;Servidores;172.16.153.0/25;172.16.153.1
154;Guayaquil;Ecuador;Mediana;10;Usuarios / Empleados;10.154.0.0/23;10.154.0.1
154;Guayaquil;Ecuador;Mediana;20;Impresoras y dispositivos periféricos;10.154.2.0/25;10.154.2.1
154;Guayaquil;Ecuador;Mediana;30;VoIP / Telefonía IP;10.154.2.128/25;10.154.2.129
154;Guayaquil;Ecuador;Mediana;40;Wi-Fi invitados aislada;10.154.3.0/24;10.154.3.1
154;Guayaquil;Ecuador;Mediana;50;Wi-Fi corporativa;10.154.4.0/24;10.154.4.1
154;Guayaquil;Ecuador;Mediana;99;Administración de dispositivos;10.154.5.0/27;10.154.5.1
154;Guayaquil;Ecuador;Mediana;100;Servidores;172.16.154.0/25;172.16.154.1
155;Guayaquil;Ecuador;Mediana;10;Usuarios / Empleados;10.155.0.0/23;10.155.0.1
155;Guayaquil;Ecuador;Mediana;20;Impresoras y dispositivos periféricos;10.155.2.0/25;10.155.2.1
155;Guayaquil;Ecuador;Mediana;30;VoIP / Telefonía IP;10.155.2.128/25;10.155.2.129
155;Guayaquil;Ecuador;Mediana;40;Wi-Fi invitados aislada;10.155.3.0/24;10.155.3.1
155;Guayaquil;Ecuador;Mediana;50;Wi-Fi corporativa;10.155.4.0/24;10.155.4.1
155;Guayaquil;Ecuador;Mediana;99;Administración de dispositivos;10.155.5.0/27;10.155.5.1
155;Guayaquil;Ecuador;Mediana;100;Servidores;172.16.155.0/25;172.16.155.1
156;Guayaquil;Ecuador;Mediana;10;Usuarios / Empleados;10.156.0.0/23;10.156.0.1
156;Guayaquil;Ecuador;Mediana;20;Impresoras y dispositivos periféricos;10.156.2.0/25;10.156.2.1
156;Guayaquil;Ecuador;Mediana;30;VoIP / Telefonía IP;10.156.2.128/25;10.156.2.129
156;Guayaquil;Ecuador;Mediana;40;Wi-Fi invitados aislada;10.156.3.0/24;10.156.3.1
156;Guayaquil;Ecuador;Mediana;50;Wi-Fi corporativa;10.156.4.0/24;10.156.4.1
156;Guayaquil;Ecuador;Mediana;99;Administración de dispositivos;10.156.5.0/27;10.156.5.1
156;Guayaquil;Ecuador;Mediana;100;Servidores;172.16.156.0/25;172.16.156.1
157;Guayaquil;Ecuador;Mediana;10;Usuarios / Empleados;10.157.0.0/23;10.157.0.1
157;Guayaquil;Ecuador;Mediana;20;Impresoras y dispositivos periféricos;10.157.2.0/25;10.157.2.1
157;Guayaquil;Ecuador;Mediana;30;VoIP / Telefonía IP;10.157.2.128/25;10.157.2.129
157;Guayaquil;Ecuador;Mediana;40;Wi-Fi invitados aislada;10.157.3.0/24;10.157.3.1
157;Guayaquil;Ecuador;Mediana;50;Wi-Fi corporativa;10.157.4.0/24;10.157.4.1
157;Guayaquil;Ecuador;Mediana;99;Administración de dispositivos;10.157.5.0/27;10.157.5.1
157;Guayaquil;Ecuador;Mediana;100;Servidores;172.16.157.0/25;172.16.157.1
158;Guayaquil;Ecuador;Mediana;10;Usuarios / Empleados;10.158.0.0/23;10.158.0.1
158;Guayaquil;Ecuador;Mediana;20;Impresoras y dispositivos periféricos;10.158.2.0/25;10.158.2.1
158;Guayaquil;Ecuador;Mediana;30;VoIP / Telefonía IP;10.158.2.128/25;10.158.2.129
158;Guayaquil;Ecuador;Mediana;40;Wi-Fi invitados aislada;10.158.3.0/24;10.158.3.1
158;Guayaquil;Ecuador;Mediana;50;Wi-Fi corporativa;10.158.4.0/24;10.158.4.1
158;Guayaquil;Ecuador;Mediana;99;Administración de dispositivos;10.158.5.0/27;10.158.5.1
158;Guayaquil;Ecuador;Mediana;100;Servidores;172.16.158.0/25;172.16.158.1
159;Guayaquil;Ecuador;Mediana;10;Usuarios / Empleados;10.159.0.0/23;10.159.0.1
159;Guayaquil;Ecuador;Mediana;20;Impresoras y dispositivos periféricos;10.159.2.0/25;10.159.2.1
159;Guayaquil;Ecuador;Mediana;30;VoIP / Telefonía IP;10.159.2.128/25;10.159.2.129
159;Guayaquil;Ecuador;Mediana;40;Wi-Fi invitados aislada;10.159.3.0/24;10.159.3.1
159;Guayaquil;Ecuador;Mediana;50;Wi-Fi corporativa;10.159.4.0/24;10.159.4.1
159;Guayaquil;Ecuador;Mediana;99;Administración de dispositivos;10.159.5.0/27;10.159.5.1
159;Guayaquil;Ecuador;Mediana;100;Servidores;172.16.159.0/25;172.16.159.1
160;Guayaquil;Ecuador;Mediana;10;Usuarios / Empleados;10.160.0.0/23;10.160.0.1
160;Guayaquil;Ecuador;Mediana;20;Impresoras y dispositivos periféricos;10.160.2.0/25;10.160.2.1
160;Guayaquil;Ecuador;Mediana;30;VoIP / Telefonía IP;10.160.2.128/25;10.160.2.129
160;Guayaquil;Ecuador;Mediana;40;Wi-Fi invitados aislada;10.160.3.0/24;10.160.3.1
160;Guayaquil;Ecuador;Mediana;50;Wi-Fi corporativa;10.160.4.0/24;10.160.4.1
160;Guayaquil;Ecuador;Mediana;99;Administración de dispositivos;10.160.5.0/27;10.160.5.1
160;Guayaquil;Ecuador;Mediana;100;Servidores;172.16.160.0/25;172.16.160.1
161;Guayaquil;Ecuador;Mediana;10;Usuarios / Empleados;10.161.0.0/23;10.161.0.1
161;Guayaquil;Ecuador;Mediana;20;Impresoras y dispositivos periféricos;10.161.2.0/25;10.161.2.1
161;Guayaquil;Ecuador;Mediana;30;VoIP / Telefonía IP;10.161.2.128/25;10.161.2.129
161;Guayaquil;Ecuador;Mediana;40;Wi-Fi invitados aislada;10.161.3.0/24;10.161.3.1
161;Guayaquil;Ecuador;Mediana;50;Wi-Fi corporativa;10.161.4.0/24;10.161.4.1
161;Guayaquil;Ecuador;Mediana;99;Administración de dispositivos;10.161.5.0/27;10.161.5.1
161;Guayaquil;Ecuador;Mediana;100;Servidores;172.16.161.0/25;172.16.161.1
